FF, D8, FF, E0, 00, 10, 4A, 46, 49, 46, 00, 01, 01, 01, 00, 60;
00, 60, 00, 00, FF, E1, 00, 22, 45, 78, 69, 66, 00, 00, 4D, 4D;
00, 2A, 00, 00, 00, 08, 00, 01, 01, 12, 00, 03, 00, 00, 00, 01;
00, 01, 00, 00, 00, 00, 00, 00, FF, FE, 00, 33, 50, 72, 6F, 63;
65, 73, 73, 65, 64, 20, 42, 79, 20, 65, 42, 61, 79, 20, 77, 69;
74, 68, 20, 49, 6D, 61, 67, 65, 4D, 61, 67, 69, 63, 6B, 2C, 20;
7A, 31, 2E, 31, 2E, 30, 2E, 20, 7C, 7C, 42, 32, 00, FF, DB, 00;
43, 00, 02, 01, 01, 02, 01, 01, 02, 02, 02, 02, 02, 02, 02, 02;
03, 05, 03, 03, 03, 03, 03, 06, 04, 04, 03, 05, 07, 06, 07, 07;
07, 06, 07, 07, 08, 09, 0B, 09, 08, 08, 0A, 08, 07, 07, 0A, 0D;
0A, 0A, 0B, 0C, 0C, 0C, 0C, 07, 09, 0E, 0F, 0D, 0C, 0E, 0B, 0C;
0C, 0C, FF, DB, 00, 43, 01, 02, 02, 02, 03, 03, 03, 06, 03, 03;
06, 0C, 08, 07, 08, 0C, 0C, 0C, 0C, 0C, 0C, 0C, 0C, 0C, 0C, 0C;
0C, 0C, 0C, 0C, 0C, 0C, 0C, 0C, 0C, 0C, 0C, 0C, 0C, 0C, 0C, 0C;
0C, 0C, 0C, 0C, 0C, 0C, 0C, 0C, 0C, 0C, 0C, 0C, 0C, 0C, 0C, 0C;
0C, 0C, 0C, 0C, 0C, 0C, 0C, FF, C0, 00, 11, 08, 00, F0, 01, 40;
03, 01, 22, 00, 02, 11, 01, 03, 11, 01, FF, C4, 00, 1F, 00, 00;
01, 05, 01, 01, 01, 01, 01, 01, 00, 00, 00, 00, 00, 00, 00, 00;
01, 02, 03, 04, 05, 06, 07, 08, 09, 0A, 0B, FF, C4, 00, B5, 10;
00, 02, 01, 03, 03, 02, 04, 03, 05, 05, 04, 04, 00, 00, 01, 7D;
01, 02, 03, 00, 04, 11, 05, 12, 21, 31, 41, 06, 13, 51, 61, 07;
22, 71, 14, 32, 81, 91, A1, 08, 23, 42, B1, C1, 15, 52, D1, F0;
24, 33, 62, 72, 82, 09, 0A, 16, 17, 18, 19, 1A, 25, 26, 27, 28;
29, 2A, 34, 35, 36, 37, 38, 39, 3A, 43, 44, 45, 46, 47, 48, 49;
4A, 53, 54, 55, 56, 57, 58, 59, 5A, 63, 64, 65, 66, 67, 68, 69;
6A, 73, 74, 75, 76, 77, 78, 79, 7A, 83, 84, 85, 86, 87, 88, 89;
8A, 92, 93, 94, 95, 96, 97, 98, 99, 9A, A2, A3, A4, A5, A6, A7;
A8, A9, AA, B2, B3, B4, B5, B6, B7, B8, B9, BA, C2, C3, C4, C5;
C6, C7, C8, C9, CA, D2, D3, D4, D5, D6, D7, D8, D9, DA, E1, E2;
E3, E4, E5, E6, E7, E8, E9, EA, F1, F2, F3, F4, F5, F6, F7, F8;
F9, FA, FF, C4, 00, 1F, 01, 00, 03, 01, 01, 01, 01, 01, 01, 01;
01, 01, 00, 00, 00, 00, 00, 00, 01, 02, 03, 04, 05, 06, 07, 08;
09, 0A, 0B, FF, C4, 00, B5, 11, 00, 02, 01, 02, 04, 04, 03, 04;
07, 05, 04, 04, 00, 01, 02, 77, 00, 01, 02, 03, 11, 04, 05, 21;
31, 06, 12, 41, 51, 07, 61, 71, 13, 22, 32, 81, 08, 14, 42, 91;
A1, B1, C1, 09, 23, 33, 52, F0, 15, 62, 72, D1, 0A, 16, 24, 34;
E1, 25, F1, 17, 18, 19, 1A, 26, 27, 28, 29, 2A, 35, 36, 37, 38;
39, 3A, 43, 44, 45, 46, 47, 48, 49, 4A, 53, 54, 55, 56, 57, 58;
59, 5A, 63, 64, 65, 66, 67, 68, 69, 6A, 73, 74, 75, 76, 77, 78;
79, 7A, 82, 83, 84, 85, 86, 87, 88, 89, 8A, 92, 93, 94, 95, 96;
97, 98, 99, 9A, A2, A3, A4, A5, A6, A7, A8, A9, AA, B2, B3, B4;
B5, B6, B7, B8, B9, BA, C2, C3, C4, C5, C6, C7, C8, C9, CA, D2;
D3, D4, D5, D6, D7, D8, D9, DA, E2, E3, E4, E5, E6, E7, E8, E9;
EA, F2, F3, F4, F5, F6, F7, F8, F9, FA, FF, DA, 00, 0C, 03, 01;
00, 02, 11, 03, 11, 00, 3F, 00, FD, D3, 66, DA, 29, 84, E4, D0;
58, B5, 35, DB, 83, D6, BB, 0C, C1, DB, 1F, FE, AA, 69, 3D, 4D;
18, C5, 31, D8, E4, 8A, 00, 46, 6D, C6, 9A, ED, 91, 8F, 7A, 1D;
B6, D3, 1B, D7, DF, 3C, 50, 02, D4, 79, 66, FE, 74, 31, DC, 7E;
EF, E7, 4D, 73, 81, 40, 03, B6, 46, 29, B4, 01, 8A, 28, 00, A6;
C9, D4, 53, 98, E0, 54, 64, EE, 34, 00, 8C, 70, B5, 1B, BF, 23;
AF, E5, 4E, 7C, 7A, 73, 9E, B8, A6, 49, D4, 50, 01, E6, 0F, 7F;
CA, 9B, 21, DE, 3F, 0A, 29, AC, E4, 1A, 00, 6E, E2, D4, 13, 81;
48, 4E, D1, 4C, 6F, 98, F4, A0, 00, 9D, C7, FF, 00, AD, 48, FF;
00, 70, FD, 28, 66, C5, 35, 9F, 39, 14, 00, 95, 1F, 7F, C6, 9C;
ED, B6, 9A, 4E, 05, 00, 15, 18, E9, 43, 1D, C7, EE, FE, 74, 50;
04, 6C, 72, DF, A5, 36, 4E, 83, EB, 4E, 23, 6B, 9F, 7E, 69, B2;
74, 1F, 5A, 00, 6D, 31, FA, 8A, 57, C6, 7E, EF, E9, 4D, A0, 06;
BB, E4, 62, 9B, 47, 7F, C6, 91, 8E, 05, 00, 31, B9, FC, E9, 30;
41, EB, 4B, DF, F1, CD, 36, 4C, 33, 72, 0F, E5, 41, 48, 8D, FE;
EA, D3, 1F, EE, 1F, A5, 3C, AE, E5, 14, D6, 1D, 45, 05, 11, D3;
58, 64, 1E, 69, CC, BB, 4D, 35, 82, E7, EE, 9F, CA, 80, 1A, 46;
2A, 39, 10, E0, FD, 6A, 42, 07, 60, C3, F0, A6, BF, DC, FC, 68;
02, 12, 0E, 7D, 2A, 32, FB, BB, D4, CC, 9B, 8F, 5A, 8F, B7, DD;
CD, 00, 7B, 0B, 1C, 0E, DF, 8D, 31, 8E, 49, E7, 8A, 18, E7, D6;
98, EF, 80, DF, 4A, 0C, C1, DF, 91, F3, 53, 19, B0, 0F, 3C, D2;
17, C9, 1F, 2F, 4A, 6F, 45, E7, F1, A0, 05, CF, BD, 35, 9B, 8E;
A3, F0, A1, 9C, 0E, FF, 00, AD, 46, 64, 03, DE, 80, 1C, 5B, 07;
93, F9, D4, 7D, 45, 04, EE, 34, 50, 01, 41, 38, A4, 2C, 01, A6;
3C, 99, 1E, 94, 00, 31, C9, 3C, F1, 48, CD, 8F, 4F, C6, 90, BA;
FA, D3, 58, E4, F0, 73, 40, 0D, 76, 38, 3D, 69, B4, 13, 93, F8;
D2, 13, 81, 40, 0D, 63, CF, 5A, 4A, 09, C0, A6, 96, CE, 7D, 85;
00, 0E, 5B, 1F, E1, 4C, CF, 3D, E9, 49, CF, AD, 46, E7, 2C, 68;
01, 5C, EE, 23, BD, 35, 8E, D5, FE, 54, B4, C7, 39, 6F, A5, 00;
25, 21, 24, 7A, 52, 96, DB, 4C, 62, 08, EB, 40, 08, 4E, 5B, FC;
29, AE, D9, 3C, 1F, CA, 9D, 51, 8E, 94, 00, 13, 8E, A7, F3, A8;
D8, E5, A9, CE, BB, A9, A0, E4, 50, 03, 65, FC, 71, DE, 9B, 4E;
72, 39, E7, 9F, 4A, 6E, 68, 02, 3C, 75, E3, F8, A9, 3A, F6, 35;
22, AE, DC, FB, 9C, D2, 49, D4, 50, 04, 27, E5, 34, 99, CF, 4C;
54, A4, 6E, 14, D3, 1F, A7, EB, 40, 10, ED, F6, 5A, 6B, 28, DD;
F7, 7F, 2A, 93, EF, F5, A6, B0, DA, 7B, 7D, 28, 2B, 98, 8E, 45;
5E, 3E, 5A, 8C, FC, A7, A1, A9, CA, 86, FB, D8, A6, B4, 7D, 71;
8C, 50, 1C, C4, 59, FA, D4, 6E, BF, 2F, 4E, F5, 34, 91, 9C, 8E;
94, D2, 9F, 2F, B5, 03, 6C, 84, 46, 0F, F0, D4, 33, C3, B4, 7B;
55, AD, A0, 7B, 54, 72, 21, 2B, B7, EF, 7D, 2A, 95, 85, 73, D4;
99, 83, 54, 6E, 4E, 58, 52, BB, 6E, 15, 19, 1C, B7, E1, 52, 48;
BB, 9B, FB, B4, D7, 91, 80, 3C, 0F, CE, 9D, BB, 9F, BD, FA, 54;
2E, 7F, 7A, 6A, 80, 73, 31, DA, A6, A1, 8C, 96, 35, 20, 1C, 7E;
26, 9A, C0, 95, 34, 13, 11, C0, D3, 5C, E0, 53, 57, E4, 1F, ED;
7A, 50, 46, 6A, 4A, 02, 37, 1E, B4, 37, 4E, 99, A6, 93, 83, F7;
BF, 4A, 68, 1C, 50, 00, 49, CF, 61, F8, 53, 5D, 88, 23, FC, 29;
5B, 84, 3F, 4A, 67, 4A, 00, 6B, 9D, A9, 4A, E3, F7, 5F, E7, DE;
98, 79, 6F, C6, 8C, 50, 02, 53, 01, 24, 7D, 69, A7, 96, FC, 7D;
69, D1, AB, 48, 70, AA, 58, B7, 40, 39, CD, 12, B2, DC, 06, BB;
60, 53, 77, 64, D7, CF, FF, 00, B4, 77, FC, 14, EB, E0, BF, EC;
C5, A9, C9, A3, EB, 5E, 32, D3, F5, 4F, 15, 6C, 79, 21, F0, FE;
92, 45, E6, A1, 2E, D1, B8, 82, 17, E4, 8F, FE, DA, 32, F5, F6;
38, F8, B3, C2, FF, 00, F0, 74, 27, 84, 6C, 3E, 25, 6A, 90, F8;
F3, E1, FE, A1, E0, 7F, 08, 5B, DC, 0B, 78, 2E, A7, BD, 33, 6A;
4D, FF, 00, 4D, 0C, 2A, 9B, 59, 46, 72, 42, E7, 1D, 98, F4, A8;
F6, 88, A5, 13, F5, 45, DB, 06, 9B, 4C, B4, B8, 8B, 51, B4, 86;
E6, 17, 59, 21, 9D, 04, 88, EB, F7, 5D, 58, 6E, 52, 3E, A1, 87;
14, F5, 8F, 0B, 56, 4F, 99, 19, 7E, 7A, 8A, 33, 9F, 4A, 93, C9;
53, FF, 00, EA, A0, C1, B8, 60, 75, FA, 50, 04, 75, 1F, 97, 8A;
9B, C8, E0, 91, D8, 72, 47, 6A, F1, FF, 00, 8E, 5F, B7, 2F, C3;
7F, 80, A2, 7B, 7D, 47, 5C, 8F, 50, D5, A2, 38, 1A, 6E, 9D, 99;
A6, CF, FB, 4C, 3E, 44, CF, FB, 44, 50, B5, 76, 47, 26, 33, 1D;
87, C2, 43, DA, 62, 66, A2, BB, B7, 6F, F8, 73, D6, 58, 6D, 34;
82, 3D, DD, 2B, E6, 5F, 82, BF, F0, 55, 3F, 00, FC, 4B, D5, 9A;
C7, 5E, 8E, E3, C2, 37, 12, 3E, DB, 79, 6E, 89, 96, DE, 4F, 4C;
B2, 0F, 94, FF, 00, BC, 08, F7, AF, A6, B4, BB, EB, 5D, 6B, 4D;
86, F2, CE, E2, 1B, AB, 4B, 80, 1A, 29, E1, 70, F1, B8, 3D, 30;
47, 15, 52, 8B, 5B, 9C, D9, 6E, 77, 81, CC, 21, CD, 84, A8, A5;
E5, B3, FB, 84, 30, B0, 19, FE, 94, C6, 8D, 8D, 5E, FB, 2B, 95;
27, 6B, 10, 3A, F1, 54, EE, 75, 1B, 7B, 7B, 86, 80, CA, A6, E1;
54, 49, E5, 06, 0A, FB, 73, 80, DC, F4, 1D, B3, D2, A7, 99, 77;
47, A8, 30, C6, 40, A4, 68, F7, 7F, FA, EB, C0, FE, 24, FF, 00;
C1, 47, BC, 2B, F0, 2B, 43, D4, 25, F8, 89, E1, CF, 17, 78, 37;
52, B5, 62, 2D, ED, 67, B3, 37, 91, EA, 5C, 9D, A6, 1B, 88, 4B;
42, 72, 00, C8, 66, 52, 33, 83, 9A, E6, 7F, 62, 9F, F8, 2B, 9F;
C3, 5F, DB, 5B, E2, A5, E7, 82, B4, A8, 35, 2F, 0F, F8, 92, 34;
79, AC, 6D, 6F, F0, CB, A8, 22, 72, C1, 19, 46, 15, D5, 41, 62;
87, B0, 38, CE, 0D, 4D, FA, D9, 81, F5, 01, 8B, 03, FF, 00, AF;
4D, DA, 7F, C8, AB, 86, 35, CF, F9, E2, 8F, 29, 7D, 6A, 80, A4;
D1, 12, 3F, FA, D4, D3, 03, 01, 9F, E9, 56, FC, 8C, FF, 00, 91;
43, 42, 00, 3F, E1, 40, 14, 7C, BF, 9B, 34, D6, 53, 93, 57, 3C;
AF, F3, 8A, 6B, C3, CD, 00, 51, 20, B1, E7, B5, 21, 19, 1B, 6A;
D3, 44, 03, 54, 52, 47, C3, 50, 05, 76, 8C, 83, C5, 35, E3, 6E;
BD, FA, 54, DB, 79, E3, 9A, 8B, 0C, 07, FF, 00, 5E, 80, 3D, 25;
9B, 68, A6, 39, 05, 7E, B4, 33, 1F, 6F, C2, 98, D2, 76, A1, 00;
33, 6D, E9, FA, D3, 4F, 27, 34, 73, 45, 00, 14, 8C, 76, AD, 2D;
36, 4F, BB, 40, 0D, 27, 26, 98, 70, AD, 8C, 76, A7, E7, 14, 63;
9A, 00, 8C, 9C, 9E, 28, A7, 3A, E4, F4, 14, C5, CD, 00, 0F, F7;
0F, D2, A3, 26, 9E, 5B, D6, B8, BF, 8F, 5F, B4, 0F, 83, FF, 00;
66, 5F, 87, 97, 5E, 29, F1, BE, B3, 0E, 85, A1, DA, 1C, 3C, CF;
13, CB, 23, 9F, EE, A4, 68, 0B, B3, 7B, 28, 3F, 95, 2E, 64, 83;
CC, EB, FC, BD, CD, C6, 7A, F4, AA, BA, D6, B1, 65, E1, BD, 22;
6D, 43, 51, BC, B6, D3, F4, FB, 71, BA, 5B, 9B, 99, 96, 38, 61;
1E, AC, C4, E0, 77, EB, 5F, 95, 3F, B4, 9F, FC, 1C, B3, 0F, 88;
3E, 1E, 6B, F7, 9F, 01, BC, 29, 63, 76, DA, 5D, C1, B2, 6D, 57;
C5, F2, 8B, 64, 47, 31, 96, 0E, 96, CA, FD, 7A, 60, 49, 20, C9;
1F, 74, 74, AF, CA, 8F, DB, 3B, FE, 0A, 93, E2, 4F, DA, 7B, C4;
5A, 07, 88, 3C, 41, E3, 2F, 17, 6B, FE, 22, D2, C4, 37, 17, 3A;
78, BA, 11, E8, 30, DC, 2E, 77, 2C, 71, 7D, DD, A0, F4, C2, E7;
B6, 4F, 5A, 5C, D2, 6E, C8, A6, 97, 53, F7, 37, F6, 85, FF, 00;
82, F8, 7C, 1B, F0, 0D, EE, B3, A0, FC, 39, B9, 1F, 14, BC, 61;
A4, C0, D3, C9, 6D, 65, 27, D9, 34, F8, C8, C0, E6, E6, 40, 03;
60, 91, 9F, 2C, 36, 3D, 6B, F2, 7B, F6, E6, FF, 00, 82, F5, 7C;
4C, FD, A6, FC, 0B, 7D, A7, 6A, 9E, 34, D5, 3E, 1A, DC, 3D, C4;
90, FF, 00, C2, 3D, E1, 12, 42, 49, 10, 61, B7, CD, 9C, 39, 76;
C8, F5, 90, 0E, BF, 2E, 2B, F3, DF, E2, 67, C7, ED, 7B, E2, 66;
AB, 75, A8, 5D, CB, 6F, 67, 25, E2, ED, 91, 2C, 21, 10, 2C, 89;
9F, BA, C4, 7C, CC, 07, A3, 12, 33, EF, 5C, 0D, CC, CB, 34, 9C;
AB, 2A, E0, 90, 00, C6, 0F, B5, 4F, 27, 73, 3F, 6A, 7A, A7, C5;
8F, DA, DF, 57, F8, 83, AF, 2D, F5, 9D, 8E, 9B, A2, DD, A2, 98;
FE, D9, 6C, 9F, E9, 8F, 91, 86, 2D, 26, 7B, F3, D0, 71, 93, 5E;
57, AA, EA, B7, 9A, AC, D7, 17, 17, 57, 13, 5D, 5C, 4C, 18, BC;
92, C8, 5D, 9B, 3E, E4, E6, A3, 65, DA, 0E, E3, CF, 6A, 6C, E7;
F7, 2C, 32, 3E, E9, CD, 04, F3, BB, 9F, DB, 07, EC, E5, AB, FF;
00, C2, 47, FB, 3A, F8, 03, 52, 6E, BA, 87, 86, F4, DB, 83, 81;
D4, B5, AC, 4C, 7F, 99, FC, AB, B2, 2A, 08, 3F, 7B, F2, AF, 0D;
FD, 93, 7E, 2F, F8, 7F, C0, DF, F0, 4F, DF, 83, DA, F7, 88, 35;
8D, 3B, 47, B0, 93, C1, 5A, 4B, 89, 2E, 65, D9, BB, FD, 0E, 2E;
14, 75, 27, 20, F0, 01, AF, 1D, F8, F7, FF, 00, 05, 8C, D0, 74;
18, E6, B2, F8, 7F, A4, B6, B9, 70, BF, 27, DB, F5, 14, 30, DB;
83, D0, 95, 40, 43, 37, D4, E0, 1A, DA, 30, 94, BE, 14, 78, D9;
A7, 13, 65, B9, 74, 2F, 8A, AA, 97, 97, 53, EC, DB, CB, B8, 34;
9B, 09, 2E, AE, A5, 8E, DE, D6, 35, 2C, F2, C8, C1, 51, 00, F5;
3D, 2B, E6, CF, DA, 07, FE, 0A, 89, F0, FF, 00, E0, F9, 92, CB;
48, 6B, 8F, 15, EB, 1C, 84, 8A, DD, 4C, 76, E1, BD, E5, 61, F3;
7F, C0, 03, 0F, 71, CD, 7C, 2B, AB, 7E, DF, 3E, 36, F1, 8F, 8C;
E5, D4, 3C, 55, A8, 5E, 6A, D6, 72, 44, 23, 8E, D2, DE, 51, 6A;
B6, 84, 3A, B6, E8, 80, 0C, 80, F0, 06, 48, C9, 04, F2, 2B, 9A;
F8, 87, FB, 4E, DC, 78, E7, 40, F1, 2D, A5, D6, 9F, 3D, FD, D7;
88, 98, 97, BD, BF, 9C, 33, 46, 0B, 07, 66, 11, AE, 55, 9F, 20;
61, 89, 04, 73, EB, 5D, 11, C1, D5, E7, B4, 96, 87, E7, 98, EF;
13, B0, 78, 8C, 24, DE, 16, B2, A7, 35, 7B, 27, 1B, B7, DA, DD;
17, A9, D8, FC, 7D, FF, 00, 82, 8D, FC, 46, F8, EE, F3, DB, 36;
A6, BA, 0E, 92, F9, 43, A7, E9, 45, A1, 52, 3A, 10, EF, 9D, ED;
F8, 9C, 7B, 57, 85, B5, FB, 5D, 48, AC, D9, 6C, E4, 92, D9, 27;
3F, 8D, 66, 22, EC, 00, 0E, C0, 0E, 3F, 2A, 46, B9, C7, 27, A2;
9A, F5, A9, E1, E1, 1D, 22, 8F, C1, 73, 0C, F3, 19, 8D, A9, CF;
89, 9B, 93, F5, D3, E4, 8B, D2, EA, 79, 2A, 15, 7A, F0, 73, DE;
BA, AF, 83, 7F, B7, 7F, 8D, 3F, 67, 7B, A5, 6F, 06, EB, 97, 33;
47, 1C, C6, 39, 2C, 6E, 19, A4, B0, 7E, CC, 76, B1, C1, 03, 18;
F9, 48, 3E, 95, C3, 88, FC, C7, 8D, 8F, 76, 18, AF, CF, FF, 00;
1E, 7E, D2, DE, 25, F8, 7B, F1, 53, 4E, B5, B7, D6, 5B, 4D, D1;
23, BD, 92, 2B, 98, E4, B6, 13, A4, 71, 34, EE, 5A, 43, 18, F9;
99, 91, 58, 91, 82, 0E, 46, 33, CD, 71, E3, 25, 18, AB, 58, FD;
23, C2, CC, B5, 63, 71, 95, 2A, D6, 93, 4E, 1C, AD, 5B, 45, E6;
7E, AF, FE, CF, 1F, B4, DF, C6, 0F, F8, 29, 4F, FC, 14, 37, 41;
F8, 77, E2, AF, 12, F8, A3, 41, F0, 83, 58, DE, 6A, FA, 8D, C6;
97, 33, 69, 96, 46, D6, 18, D4, 34, 30, 88, CE, 0B, 48, 5D, 50;
99, 09, 21, 77, 9F, 7A, FA, 6F, E3, FF, 00, FC, 14, 53, E1, 5F;
EC, 15, A8, 49, E0, 6F, 08, E8, 32, 78, AA, EF, 49, B6, 41, 73;
79, A7, DD, C7, 15, AC, 4C, 33, 84, 9A, E9, CB, 19, 24, 03, 96;
DB, 90, 09, C7, 5A, FC, 3E, F8, FF, 00, FB, 59, 59, 8D, 03, C4;
16, 5E, 03, F1, 05, FE, AD, 63, F6, A9, 6D, 2C, 75, FB, 34, 97;
4B, 9A, F1, 00, E2, 5F, 25, B2, E8, 18, 70, 54, 9C, F1, 8C, D7;
CF, 3A, 8F, C6, BF, 13, 78, BF, EC, 70, EB, FA, AD, E5, D2, C6;
82, 37, 12, 1C, 2F, 1D, 49, 03, A9, 3D, 73, EB, 5E, 55, 4A, 71;
72, B2, D8, FE, 92, 55, 54, 75, EA, 7F, 41, 5F, 04, BF, E0, B5;
7E, 01, FD, A7, FC, 03, E3, FB, 3F, 15, 68, BA, 7C, 63, C2, 36;
71, DF, 6A, 16, 92, AA, CD, A5, C7, 67, 27, 98, BE, 6B, 4F, 29;
2A, DF, 70, 6E, 3B, 17, 05, B8, 0D, C5, 7C, 3D, F1, B3, E3, 25;
8F, EC, DB, FF, 00, 05, 28, F0, 67, 8A, 3E, 1E, E9, B6, 36, 16;
77, 8B, A4, 6B, 96, 16, B6, AE, D2, 5B, 79, 77, 44, E4, 21, 38;
60, 92, 44, 78, 5C, E0, 07, 38, 00, 1C, 57, CD, 5F, F0, 4E, 8F;
88, FE, 01, 93, 4E, F8, 95, E1, 5F, 88, 9A, A5, F6, 83, A0, F8;
CF, 46, B6, B0, 9F, 51, B3, 84, 4C, D0, 47, 0D, CA, CE, 43, A9;
CE, 15, 84, 6C, 32, 01, C0, 3D, 0F, 4A, FD, 65, FF, 00, 82, 79;
FF, 00, C1, 35, 2C, 7F, 69, BF, DA, 2B, 45, F8, E7, E2, 3D, 16;
7B, 7F, 86, 7E, 1D, F0, F6, 8F, 69, E0, 48, 9B, 53, B6, BA, 93;
58, 6B, 58, FE, 49, EE, 12, 22, C6, 35, 0A, 51, 84, 6C, 55, B2;
A0, 32, AF, 4A, 29, 5A, 0F, 91, BD, 0C, BE, B9, 4E, 6D, D3, BA;
E6, 5D, 0F, D5, 0B, E8, 7C, AB, C9, 97, 1F, 75, CF, 5F, AD, 44;
07, D2, A7, C9, 94, B1, 3F, 37, 39, A4, 68, 95, 8F, 4A, 66, CF;
B1, 00, 1C, F6, FC, A9, AE, 17, 27, FC, 2A, 73, F3, 0E, 69, 8E;
3E, F0, A0, 44, 2C, 31, DB, F5, A8, DD, 72, 1B, 8E, 6A, 66, 5D;
A7, FC, 29, AE, AA, 41, F5, C5, 00, 57, 68, C3, 54, 52, AF, C8;
D5, 61, D7, 69, E2, A2, 27, 04, FD, 68, 02, A3, 2E, D3, E9, F8;
54, 61, 36, E3, BD, 58, 90, E6, 4A, 88, A9, 1F, FD, 6A, 00, EE;
F1, 8F, EE, FE, 14, C9, 3E, 63, F4, 3F, E1, 52, BF, DE, A8, 9B;
EF, 1A, 00, 40, 31, 4B, 45, 14, 00, 52, 38, DC, B4, B4, 50, 03;
44, 7E, BF, A5, 30, 1C, D4, 5A, D6, B5, 67, E1, BD, 2A, 7B, FD;
46, F2, D7, 4F, B1, B5, 52, F3, 5C, DD, 4C, B0, C3, 12, 81, 92;
59, DB, 80, 06, 3B, E3, B5, 7C, 57, FB, 46, FF, 00, C1, 77, BE;
0C, 7C, 1E, F8, AD, A6, 7C, 3D, F0, D5, D4, DE, 36, F1, A6, B9;
3F, D9, 6D, 44, 24, 5A, E9, 10, C9, 82, 41, 92, EE, 41, 82, A7;
69, 19, 8D, 5C, 64, 8E, 45, 4F, 36, B6, 5A, 95, CB, A5, CF, B6;
80, DC, DB, 57, 92, 7A, 63, BD, 7C, D9, FB, 67, FF, 00, C1, 56;
BE, 09, FE, C3, BE, 1D, BA, BA, F1, 77, 89, 9B, 53, D4, 2D, 72;
3F, B2, 34, 38, D7, 50, BB, 2E, 3F, 85, F0, C2, 38, BD, CC, 8C;
31, 8E, 95, F8, D7, FB, 63, FF, 00, C1, 75, FE, 22, 7C, 4C, F1;
3F, 8D, 7C, 2F, F1, 2B, 5C, 87, 48, F0, AC, 9A, 7B, C3, A6, E8;
DE, 00, BF, 58, DB, ED, 25, 87, FC, 7C, 4C, AD, BC, A1, 5D, CA;
49, 90, 60, F4, 06, BF, 3C, 35, 7F, DB, 1F, C4, D6, BF, 0F, AE;
BC, 1F, A1, 5D, 4D, A7, F8, 6E, 7B, F9, B5, 16, 5B, 91, 1D, D5;
D3, 4B, 2E, D0, DF, BD, 65, CA, 82, 11, 72, A3, BE, 4F, 73, 47;
2C, 9E, E2, D8, FD, 77, FD, BB, FF, 00, E0, E2, 2F, 8A, 16, 1A;
AF, 85, E4, F0, 6C, BE, 13, F0, 37, 81, B5, 6F, B2, DF, DD, 14;
BA, 5B, CD, 7E, 7B, 47, C3, BA, 82, C1, 96, 36, 29, C6, 15, 33;
B8, 00, 4E, 39, A9, 74, FF, 00, F8, 2A, 85, FF, 00, FC, 14, DF;
F6, 4A, D5, 35, 2D, 43, 4F, 36, FA, 97, C2, BF, 16, D9, 5A, C5;
A8, 34, 49, 04, FA, 9D, B5, E5, A5, CE, D7, 92, 34, 3B, 55, B3;
03, 03, B7, 00, E4, 1C, 71, 5F, 84, F7, FA, B4, BA, 84, D2, 4D;
34, B2, 4D, 3B, 1E, 5E, 46, 2C, CD, F5, 27, 39, FF, 00, 3D, 2B;
EF, 0F, F8, 23, 97, 89, 14, FE, CF, FF, 00, B4, 26, 98, DB, 8F;
D9, E3, F0, FE, AA, 17, FD, CB, 9B, AB, 72, 47, FE, 04, 81, F8;
D6, 94, 62, B9, D0, A5, 27, 6B, 1F, 27, 7E, D3, 7A, BE, A1, 7B;
F1, D7, C5, 10, 5F, 5D, 49, 32, D9, EA, D7, 11, C4, 9C, 2A, 44;
A1, CE, 30, A3, 00, 7C, B8, E9, D6, BC, E2, 48, D8, BF, DE, E3;
1F, 4A, F4, CF, DB, 15, 56, 0F, DA, 63, C5, BD, 52, 3B, 8B, B4;
98, 71, 8F, BF, 0A, 38, FE, 75, E6, 2F, 36, C2, CB, 9D, DB, 7D;
85, 4D, 4D, 24, EC, 00, B2, 18, F0, A5, 7E, 5C, FE, 94, EC, 2A;
A2, 0F, E2, 6A, AB, E7, 31, 89, B2, 46, 0B, 75, 35, 7B, 4F, D2;
6E, 75, CF, 2D, 6C, E3, 92, 7D, BC, 1D, A3, EE, 9F, 73, D0, 7B;
64, F3, 53, CC, 88, 74, ED, A9, 54, C7, FB, 9C, 7D, E1, 9E, 4F;
A5, 46, A9, E6, DC, 15, 51, BB, 77, 41, 8E, B5, B9, A5, 78, 51;
6F, 13, 75, C5, C2, 01, 9C, 9D, A7, A8, FF, 00, 3F, CE, BD, 82;
C3, F6, 54, F1, 16, 9D, F0, ED, FC, 55, FD, 94, D1, E9, 30, C7;
6D, 39, 71, 26, E9, 0C, 13, B3, 24, 53, 00, 33, FB, B6, 64, 29;
BB, B3, 10, 0F, 51, 59, CA, 4F, A1, E7, 57, C7, 46, 9A, 76, 4D;
DB, F0, 3E, F2, FD, 9F, 3C, 7D, A9, F8, CB, F6, 77, F0, 23, 6A;
1A, 85, D5, EF, D9, 34, 6B, 7B, 68, D2, 79, 4C, 82, 05, 8C, 14;
0A, A0, F4, 03, 68, E0, 57, 50, 2F, 9A, 50, C3, AE, 4F, 24, 9E;
6B, C9, 3F, 65, DB, A6, B5, F8, 21, E1, D8, 63, 69, 25, 09, 0B;
8C, 15, FB, B8, 91, C7, 5E, 9F, 9D, 7A, 5C, 57, 21, 8E, 39, 56;
C0, CA, B2, 95, 6F, D6, BD, CA, 38, 8B, 42, 36, 47, F3, 56, 7D;
C3, EE, AE, 26, 75, DB, 6D, 49, B7, DF, 46, CB, CD, 26, E7, 56;
65, CA, E0, E0, 83, 51, CC, 58, 2A, 9C, 37, 4E, 99, EB, 53, 68;
BA, 6C, FA, ED, E2, DA, DA, 2F, 99, 29, 5C, ED, 32, 2A, A8, 03;
AF, 2C, 40, 1F, 89, AB, 5A, 32, 69, B6, 27, 58, 93, 52, 9A, 0B;
B8, 34, 8B, 79, 65, 7F, 26, F9, 63, 8D, A4, 8F, 24, C2, 5F, 07;
2E, C1, 4E, D5, 1C, 9F, D2, B4, A9, 8A, 8C, 5D, E5, B9, E5, 60;
F8, 23, 11, 8A, FE, 0D, ED, 7B, 73, 3D, 97, AF, 91, 0E, 8F, A5;
DD, EB, B7, 69, 6B, 69, 0C, 97, 13, 4A, 09, 54, 4F, BC, 40, 19;
3F, 90, AB, 5F, 12, 34, 0B, 2F, 85, 5E, 30, 8B, C2, FA, A6, AD;
62, FE, 32, 7B, 54, BE, 3A, 55, AB, 79, EC, 90, 14, DD, 97, 70;
76, AC, 80, 11, 94, EA, 06, 2B, C4, FF, 00, E1, AE, B4, 18, B5;
48, 74, FB, CB, 5D, 4B, 46, D7, 2E, C3, 4B, 69, A7, 4C, 85, 5A;
FA, 3C, E2, 33, 1E, E1, B8, 96, 60, 46, C2, 32, 31, C6, 73, CF;
41, E1, 4F, 87, 5E, 20, F8, C7, F1, D2, EB, C6, 9A, F6, 93, AB;
5E, 78, D3, 5B, 77, 8A, 01, 75, 3C, 30, DC, CF, 1A, C4, FC, 88;
89, 0C, 8B, B2, 27, 55, 77, 03, 76, C2, 3B, 8C, F0, D4, C6, 54;
94, 92, 86, 9A, EA, 7D, BE, 59, E1, DC, 70, F8, 79, D5, C5, D3;
75, 64, FE, 1B, 3B, 2D, 7A, EA, 76, 17, B7, B2, 41, 13, 30, 0B;
B9, 72, 42, C6, 79, 72, 39, 03, 35, F1, 1F, ED, B1, F0, 26, CF;
C6, FF, 00, 1A, 26, D3, FC, 07, FD, 91, 78, D6, 7A, 75, B5, CC;
F3, 43, 77, F2, DF, C9, 26, 7C, D8, C3, 33, 10, 1A, 37, C8, C1;
D8, 48, 24, 90, 30, 2B, EC, 4D, 1F, E2, 4F, 86, BE, 20, 5C, EA;
BF, D9, B6, 5A, CE, 8B, A7, F8, 7E, E6, 3B, 5B, AB, 9D, 4D, 1D;
A6, 6F, 33, 1F, BD, 31, 05, 04, 08, D9, 82, BE, D2, C0, 01, 9E;
01, AF, 99, 3F, 69, 1F, 80, F6, 5F, 0F, BC, 41, 1D, FE, 83, AC;
0D, 7B, 4F, D4, 7C, F3, F6, EB, 77, 4D, DA, 75, D4, 73, BC, 72;
40, FE, 59, 6F, EE, 86, 46, 24, 6E, 56, CE, 01, 53, 5C, F5, B1;
0A, 6A, FD, 0F, AA, E1, EC, 0D, 7C, 8E, AC, EA, CA, 2B, 97, 6B;
A7, A7, A1, F3, 85, 8F, 83, AE, BC, 13, A0, 4C, 97, 57, 16, B2;
43, 0D, C3, C6, F3, DB, CE, 25, B7, 12, 0F, BC, BB, BF, BC, 0B;
01, 8E, E7, A6, 70, 6B, 0E, 40, BA, DF, FC, 79, C1, 34, CA, A7;
6B, CC, EB, B6, 1D, FD, BE, 6A, FB, 6B, C0, 1F, B6, C7, 89, 3C;
1F, F0, 27, 50, F0, 2B, 78, 53, E1, C6, AF, A4, DF, F8, 35, FC;
15, 02, DE, 68, AA, E7, 4D, 81, EE, 25, B8, 9A, EE, 3C, 1E, 6F;
25, 96, 62, E6, 56, 27, 98, A3, 23, 1B, 71, 5F, 3E, 8F, 87, CC;
4A, 16, 93, CD, 0A, A0, 2A, F4, 55, 1E, C3, A5, 72, 54, C4, 25;
1B, 44, FA, CA, FC, 51, 85, 5E, F4, 37, 66, 87, EC, 80, DE, 19;
F0, F6, A1, E2, 8B, 5F, 1F, 68, 92, 78, 8B, 4D, D6, B4, C7, B5;
B3, 36, 37, BF, 63, 9A, CA, EB, 6B, 18, DD, 59, 86, D2, B9, C0;
3B, 81, EF, EB, 91, EB, 5F, B1, 4F, ED, 75, F1, 67, F6, 3A, F8;
89, A6, 5C, 78, 07, C5, 7A, 86, 88, 97, 12, A8, 9F, 4D, 42, 24;
D3, AF, 15, 9B, 04, 49, 01, 05, 1B, 20, 63, 76, 37, 64, 67, 35;
E7, 3E, 0E, F8, 71, 71, A9, C3, 3F, 94, 17, CD, 8C, 82, 14, F5;
61, D3, 1F, AD, 7B, B7, EC, F5, F0, A0, 68, D7, F3, 6A, 5A, 95;
AF, FA, 44, 61, 45, B6, F1, 9D, A7, BB, 7E, 54, E9, E1, E7, 5A;
C9, 6D, DC, F8, 4C, EB, 8B, 14, 66, E4, A4, 93, F2, D1, 9F, B4;
5F, B3, 7F, FC, 16, 5F, C3, 3E, 36, F2, 74, FF, 00, 88, 96, 12;
78, 6F, 52, 66, D8, 75, 1B, 45, 32, D8, B9, CE, 32, E3, 25, E3;
FF, 00, C7, 85, 7D, 8D, E1, 9F, 15, 69, 7E, 37, D1, 21, D5, 34;
7D, 42, CF, 55, D3, EE, 10, 3C, 77, 36, B2, 89, 63, 60, 79, 1C;
8E, FC, F4, 3C, FB, 57, F3, EE, B2, 17, 41, D3, 70, E4, 9C, D7;
7D, F0, 53, F6, 95, F1, A7, EC, F1, AF, 2D, FF, 00, 84, 75, DB;
BD, 25, B3, 99, 21, 52, 24, B7, 9F, D9, D1, B2, A7, EA, 46, 7D;
EB, D0, 96, 15, AF, 84, D3, 26, F1, 22, A5, 36, A9, E3, 52, 94;
7B, A7, AA, F5, 3F, 76, 77, 71, FE, 1C, D3, 24, FE, 2A, F8, 83;
F6, 6B, FF, 00, 82, CE, 78, 77, C5, 4B, 06, 9B, F1, 23, 4D, 7F;
0F, EA, 4E, 42, 7F, 69, 59, A9, 96, CD, FD, E4, 4F, BF, 1F, 5E;
A3, 23, 8A, FB, 27, C2, FE, 37, D2, 3C, 79, A2, 45, A9, 68, BA;
95, 8E, AB, A7, DC, 20, 68, EE, 2D, 26, 59, A3, 60, 79, EA, A7;
83, 8C, 70, 70, 6B, 95, A6, 9D, 9A, B1, FA, 96, 5B, 9D, 60, F1;
F0, E7, C3, 54, 4F, CB, AA, F9, 1A, 0C, DF, 5F, C2, A1, 97, EF;
31, FA, 1A, 73, CD, CD, 45, 24, B9, DD, 41, EB, 08, CD, B8, D4;
72, 9C, A9, EB, D6, 95, A5, C7, FF, 00, 5E, A2, 2C, 58, FE, 34;
01, 1B, 8F, 9B, F0, A4, 2B, 9A, 7B, 20, 66, A8, FB, 7D, DA, A4;
C6, 77, 44, E7, F8, B3, F8, 54, 6D, F7, 8D, 3D, 9B, 68, A6, 13;
93, 52, 20, A2, 8A, 28, 00, A3, FC, F5, C5, 14, 87, E6, F9, 7D;
78, A3, A8, 1F, 85, 5F, F0, 71, 7F, 88, F5, BD, 57, C4, 9E, 38;
6D, 67, 5B, F1, 45, CE, 9F, E1, 5D, 42, DE, 3B, 4D, 36, D7, 52;
7B, 7B, 34, 82, 44, 8B, 63, F9, 58, 29, 90, 5D, 4E, 76, 93, C9;
39, 06, BF, 26, 3E, 3D, FE, D9, 3E, 37, FD, A1, 35, 28, 6E, 35;
AD, 42, DE, 18, E0, 84, 40, B1, D9, 5B, C7, 01, C0, 55, 5C, B3;
2A, 86, 76, 20, 72, C4, 92, 7B, D7, EC, 5F, FC, 1C, 85, E1, DF;
2F, C5, 3F, 13, BE, 5F, F8, FF, 00, F0, E5, 9E, A1, 19, EA, 06;
C8, D0, 1F, FD, 14, 79, ED, 5F, 83, 2A, 72, 5B, 38, 18, 23, 04;
0E, B5, A5, 4D, 1A, B1, 9C, A4, F6, 2C, DC, CA, B2, 4D, B9, 77;
28, 6E, 82, B3, A6, 0C, BF, 99, 15, 72, 43, F7, 7E, A6, AB, CC;
9F, 22, F3, D4, E7, A5, 66, 67, CC, D3, 2A, 96, D8, ED, 9F, 4E;
9F, 8D, 7D, 91, FF, 00, 04, 7C, F1, 4C, 3A, 4D, C7, C7, 1B, 1B;
8B, 85, 82, DA, EB, C0, B0, 5E, 30, 2C, 14, C8, D6, FA, D6, 9D;
26, 14, 9E, F8, 2D, F5, 19, AF, 8E, A6, 8B, 9F, 9B, D0, F1, EB;
5E, 91, FB, 38, E9, B7, 9A, 7F, 89, B5, 48, 8A, 4D, 14, 1A, B6;
8F, 77, 62, 06, E2, 8F, 36, F8, CB, 05, 0B, D5, B2, 54, 0F, AE;
0F, 61, 53, 19, 38, CA, E1, 88, AE, A9, D2, 73, EC, 2F, ED, 73;
AD, 41, E2, BF, 8F, BA, B5, E5, AE, E6, 5F, 26, 08, 89, 24, 65;
DE, 38, 56, 36, C7, FD, F3, 5E, 79, 65, A2, CD, 7F, 75, 1E, CF;
95, 5C, 7D, E7, 3B, 57, 1F, 8D, 77, 7F, 10, 60, D3, 3C, 27, E2;
0D, 3E, 6B, C8, ED, F5, 34, BA, 84, 33, AC, 57, 00, BD, AE, 09;
40, AE, BF, C2, FC, 64, AB, 10, 6B, AE, F0, 57, 86, 63, F1, 7D;
AC, 53, 69, 36, 36, B3, 7F, 68, 65, 62, 94, C4, 66, 71, 8E, B1;
AA, 05, 25, 98, 77, 00, 7D, 09, C5, 54, 65, CC, F4, DC, 28, D5;
F6, D4, 95, 48, FB, B7, 47, 96, 45, E0, A8, E0, 8D, 9A, 46, 17;
05, 7F, 85, 78, 51, FD, 6B, B5, D6, 7C, 25, E2, 59, 7E, 13, 9D;
45, F4, D1, 6B, A3, ED, 8B, 4E, 0D, 6D, 6B, E5, C6, 46, 4B, A1;
98, 05, E5, D8, 8C, 86, 63, 92, 14, E3, 8A, F7, 5F, 07, 7E, CD;
BA, D7, 8C, 7E, 14, 6B, 4D, 6E, 6D, ED, EC, 1B, C2, E7, C7, B6;
12, 5C, AC, 6A, 35, AB, 08, 2E, BE, C7, 71, 35, 9E, D5, 6E, 61;
6D, FE, 62, 92, 1C, 2A, 31, C1, AE, B3, E0, A7, C4, E8, FE, 0A;
5D, 47, 07, 8B, A5, B6, BE, D0, ED, AD, 95, AE, 34, 3D, 4F, 13;
5E, 1B, 4C, 15, 82, DE, DE, 6C, 36, 58, AC, A5, C8, 70, AA, 07;
01, 8F, 35, 8D, 58, 35, B6, A7, 1D, 39, 4F, DB, 3A, 73, 96, BD;
0F, 9F, 7F, 67, 1F, 84, 16, 1E, 3D, B8, BB, BC, F1, 16, A1, 25;
9E, 8B, A3, C5, 14, AE, 4A, 33, 99, 55, E6, 28, D0, C4, C3, 81;
3E, DC, 30, 8D, BE, 62, 01, AF, A1, F4, 2F, 05, F8, 93, 5C, D4;
B5, EF, 0B, 69, 1A, 8E, 8F, BB, C2, F9, 46, 4D, 39, CD, BE, A7;
AC, E9, 36, CC, 66, DF, 68, 8F, 88, 5A, 24, 58, F7, EC, 5C, 7C;
E1, CF, 24, 62, AD, 7E, CD, B7, 7E, 08, F8, BD, F1, EC, F8, 57;
41, D1, EE, BC, 2A, 9E, 32, CC, DA, 7D, AD, D5, D4, 52, 68, BA;
65, E4, 50, CB, B9, 24, 8D, C0, 06, 39, 54, 28, DF, BC, 32, 96;
23, 24, 01, 5E, C5, 65, 79, 63, F0, D3, 48, 92, 7F, 01, EB, DA;
85, A7, 8C, AD, 62, D3, F5, BD, 22, FE, 68, 8D, E2, 78, 62, 69;
20, 7B, 6D, 4B, 4F, BA, 92, 55, 33, B5, BA, E1, 8C, 64, 36, C0;
1F, A5, 38, 46, 7B, 45, 98, E3, 9D, 17, 1E, 7C, 5B, 51, 4B, EF;
63, 7F, 67, CD, 5B, C3, 9F, 03, 3C, 31, 36, 9F, E2, CD, 43, 42;
FF, 00, 84, 77, 58, F0, B0, F1, 4F, 80, F5, C9, D2, 4B, 79, 35;
A9, 25, B9, 78, DE, C6, 54, F9, 95, E7, 0C, 8F, 83, 95, 1C, 29;
18, 0C, 33, DF, FC, 38, F1, 64, 1F, B5, 1F, 8C, C7, 84, B4, FB;
AD, 1D, 7C, 50, 61, 6B, FB, 1B, 28, 6D, D9, E4, 36, EA, 37, 38;
F3, 98, E4, 22, 01, 92, 08, 66, 18, E4, 01, 5F, 33, EA, BF, 0A;
6F, 3C, 79, FB, 37, EB, 3E, 1B, F1, 44, D0, C7, AD, F8, 57, 55;
B5, 93, 41, 9E, DE, E4, 34, 37, 76, 0D, 1C, A2, 5B, 65, 55, 38;
53, B9, B7, 6F, 3B, 8A, F0, 08, EF, 5E, 15, F0, F3, C7, 3F, 10;
3F, 65, 2F, 11, 69, 57, 12, D9, 5F, DA, DD, 48, 4C, D6, D7, 33;
C4, 63, BA, 4D, D1, 9D, CE, B2, 00, 18, 02, A7, 6F, 52, A4, 30;
FB, B8, AD, 23, 2A, 90, D1, 9E, 4C, B2, FC, BB, 1A, BD, DB, 27;
66, AC, B6, 3F, 44, 34, 9F, 05, 5D, 68, FA, E4, 57, 0D, AA, E8;
92, 7E, EE, 41, 0C, 30, 79, 7A, 89, 90, 80, C8, 43, 2E, 19, 14;
1E, 46, 5F, 18, EB, 5C, 0F, 88, FC, 33, 75, F0, A7, C4, FA, 83;
69, 5E, 19, 93, C5, 5E, 1B, 9A, E1, CB, 69, 96, D7, D1, FD, AB;
EC, D0, C4, 1A, 4B, 8B, 89, 59, 3C, A3, 26, D6, 3B, 3C, B9, 71;
95, 3F, 20, 35, CA, 7C, 01, F8, F7, A7, 7C, 4F, B8, BB, 8F, 4F;
92, 68, EF, 34, FB, 55, BF, BA, 82, 69, 94, 81, 10, 96, 34, 1B;
86, 4F, 98, 0B, 48, A4, 01, B8, 10, 77, 74, CE, 3B, AF, 16, EB;
77, 1E, 30, D3, 3E, C1, A9, CC, F7, D6, 6B, 1A, C7, F6, 72, A0;
44, 15, 7A, 7C, A3, 0A, 3E, BD, 6B, A9, D2, F6, AB, 99, 1F, 13;
5B, 3C, 96, 45, 52, 58, 3F, 67, CC, BA, 47, 74, D7, 76, D6, 9F;
8D, CF, 0C, F8, D9, F0, 61, BF, 68, 4F, 8D, 9E, 1B, F1, 97, C3;
B9, A6, B3, 93, C1, FA, A8, B2, 97, CF, 9D, CB, 5B, 7D, 9A, 71;
24, 77, 4B, D0, ED, 60, 49, 65, 4C, ED, F2, C9, CE, 39, 1E, D3;
E1, 1F, 87, B7, DE, 09, 8D, DF, C5, D7, 56, BA, C5, C6, B7, 71;
F6, 78, B4, EB, 49, DB, EC, 31, DA, EC, 06, 39, A5, 9C, 06, 57;
0C, B2, 31, 2D, 92, E0, E7, 28, 59, 8E, 33, 85, 8A, DA, 78, 5E;
7F, 0F, C6, 8C, BA, 2D, D4, EB, 75, 71, 6C, B2, B2, C7, 24, 8A;
BB, 41, 60, 3E, F7, 04, 8E, BD, 09, F5, AD, 4D, 57, C5, 37, 9A;
E4, 31, AD, C5, C4, 8E, 20, 1E, 5C, 09, D2, 38, 54, 01, C2, 27;
DD, 51, C0, E0, 0E, D5, 74, 70, 77, 77, 67, 93, 9D, F8, 87, F5;
78, 7B, 2A, 70, F7, BB, 6F, 1D, 7D, 35, BA, 25, F1, 3F, 85, F4;
5F, 07, DE, 6A, 56, FE, 1B, D5, 35, 06, B5, BE, 87, C8, 92, 65;
B8, 90, C8, B1, F0, 04, 26, 56, C1, 95, 40, 00, 6E, 2A, 33, 8E;
95, E2, 9F, 19, 3E, 14, 6A, BE, 29, D5, 26, D4, 23, BA, FB, 62;
E7, 02, 0F, 2D, 61, F2, D4, 13, 80, 15, 54, 26, 39, 3D, 06, 79;
AF, 53, 2D, E6, 4E, EC, CD, F3, 31, CE, 31, C5, 40, 4F, 99, 2B;
74, 6A, EE, A9, 81, A7, 52, 1C, 92, 3F, 2B, A9, C5, F8, D7, 59;
D5, 52, F7, 6F, F0, F4, 3E, 66, 8F, C3, 77, 51, DE, 8B, 5F, 22;
41, 33, 36, D5, 4D, A7, 39, AE, 93, C2, 9F, 07, 75, 3D, 7A, 71;
BA, 33, 6B, 1E, 70, 5E, 40, 71, F8, 0A, F6, B9, 74, 4B, 39, 35;
14, B8, 6B, 78, 5E, E1, 0F, 12, 79, 63, 78, FC, 7F, CF, 4A, B6;
A9, B5, FB, 10, 3B, 7A, 57, 0D, 3C, 9E, 0A, 57, 9B, B9, D1, 89;
E3, 0A, B3, 8F, EE, A3, 67, 6D, DF, 73, 2B, C1, 9F, 0E, 34, DF;
09, D8, 85, 45, 57, B8, EB, 24, AE, 3E, F1, ED, 81, DA, BA, 64;
71, 13, 60, B7, 41, CE, 38, 18, AA, 26, 7E, 73, FC, 2A, 7E, 6C;
F4, 1F, 5A, E3, 7E, 26, FE, D1, 1A, 0F, C2, BF, 0F, C9, 75, 3B;
7F, 68, 34, 60, E7, C9, 23, CB, 0D, D3, 05, CF, 19, 19, E9, DE;
BD, 46, E9, D1, 8D, 8E, 5C, B3, 29, CC, 73, 8A, DF, EC, F0, 72;
93, EB, D3, EF, 3D, 10, 5C, 46, C9, C3, 11, B7, EF, 33, 70, A3;
EB, 9E, 95, C6, F8, FF, 00, F6, 82, D1, FC, 11, A4, DE, 4D, 0C;
8B, A9, CB, 62, AD, E6, AD, BB, 02, 23, 20, 13, 86, 23, 9F, C3;
15, E1, BF, 13, 7E, 36, F8, 8B, 5F, BB, D3, 6E, A1, BF, D3, ED;
F4, 0B, A5, 67, 96, DE, 55, 31, B3, AF, 4D, A2, 2C, 6F, 66, 3D;
98, 7C, BE, F5, E6, B7, 3E, 2A, B5, D2, 7C, 45, A8, 5D, 68, 6B;
75, 04, 97, 85, B7, 4D, 71, 37, 98, C0, 74, DA, 8B, F7, 51, 7E;
BB, 8F, 3D, 6B, CF, AB, 8C, 6F, E1, D0, FD, BB, 87, 7C, 2B, 85;
1B, 56, CC, E7, CD, 2F, E5, 5B, 7A, 3E, FF, 00, 23, EB, 7F, 83;
1F, B4, 5E, 97, F1, 53, 4D, B1, 0B, 0D, C6, 9B, 7D, 78, 86, 58;
ED, A7, 07, 32, 60, 64, 95, EF, 8C, 73, 9E, 86, BD, DF, E0, CF;
ED, 23, E3, 2F, 80, 3A, FA, EA, 1E, 12, F1, 05, EE, 97, 26, 7F;
79, 0A, 36, E8, 27, 1E, 8C, 8C, 0A, 9F, A9, 19, AF, 81, FF, 00;
64, 19, 24, D5, 3E, 37, 5A, CB, 24, 8E, CF, 1D, AC, ED, E6, 33;
12, C3, E5, 0B, D7, AF, 43, 5F, 5C, C3, 29, 67, DB, 12, B3, B6;
33, B5, 41, 66, C7, AE, 2A, B0, F1, F6, B0, B4, F5, 3E, 27, 8E;
A8, C3, 23, CD, E3, 4F, 2C, 6E, 37, 4A, 5E, 69, 9F, A5, 9F, B3;
7F, FC, 16, 5B, 47, F1, 40, B5, D3, 7E, 22, 69, E7, 45, BD, 62;
13, FB, 4E, C4, 79, 96, B2, 1E, 9B, 9E, 3E, 5A, 3F, 72, B9, F5;
C5, 7D, 8F, E1, 0F, 1E, 68, FE, 3F, D0, E1, D4, F4, 3D, 52, C7;
57, D3, EE, 00, 64, B8, B5, 9D, 65, 43, F8, 82, 70, 7D, 8E, 0F;
B0, AF, C3, 2F, 0C, F8, 06, CD, 62, FB, 46, BD, AB, C3, A3, 5B;
C5, 70, 60, 92, D9, 10, CD, 7A, CE, 01, 60, 04, 6B, F7, 43, 60;
00, EC, 71, 96, 15, E9, 5F, 06, 3E, 2A, F8, 9B, E1, 9E, A4, D7;
DE, 01, BC, 93, C1, B6, 7A, 64, 71, B5, EC, B7, B7, 66, 49, EE;
15, BA, C8, F0, 93, B6, 48, FF, 00, E0, 3C, 76, 35, 95, 4C, 15;
9F, B8, 7D, 37, 0D, F8, 91, 8D, 82, 51, CC, A3, CC, 9E, CD, 7C;
5E, AF, FE, 09, FB, 28, D3, E0, F5, FC, 3D, 29, 0C, D9, 3D, 6B;
E3, 1F, D9, B3, FE, 0A, 9E, 9E, 2F, D1, 57, FE, 13, AF, 0F, DD;
69, F6, B1, 12, 0E, BD, 63, 09, 36, B2, 2A, E3, 73, B4, 27, E6;
50, A0, 82, CC, BB, 80, CD, 7D, 61, E1, 3F, 1C, E9, 1E, 3C, D0;
A1, D5, 34, 5D, 4A, C7, 55, D3, EE, 06, 63, B8, B5, 94, 48, 87;
DB, 23, A1, F6, 3C, FB, 57, 1C, 94, 93, B4, 8F, D8, 32, BC, F7;
09, 8F, 8A, 74, 25, AF, 67, 75, 2F, B9, F4, F3, D8, DE, F3, 14;
F7, ED, 48, 5F, 68, FB, CA, D5, 4B, ED, 20, FA, 53, BE, D9, F5;
FC, 29, AB, 9E, C1, E8, 73, 02, 54, 63, D6, 9A, D1, B0, 39, CF;
15, 2D, 35, D8, 60, 8E, F5, 26, 63, 68, A2, 8A, 00, 29, AC, CC;
07, 1F, 7B, B5, 3B, 75, 42, 5B, 2C, 47, 3B, 73, D4, 76, FD, 29;
AF, 31, AB, BD, 8F, CA, 1F, F8, 38, B3, C1, 1F, 6B, F1, 07, 99;
B7, E5, D7, 7C, 11, 79, 66, 30, 3A, BC, 7F, 68, 51, F8, FC, EB;
5F, CE, 6B, 46, 41, 2A, 38, DA, 6B, FA, 0E, FF, 00, 83, 83, FE;
2F, 78, C7, 4E, F8, 85, E0, B8, F5, CF, 09, DB, 45, E1, 5B, 3B;
9B, 8B, 3B, 7B, FB, 2B, BD, FE, 7C, 52, A2, 87, 2F, C6, 77, 21;
21, B6, 63, 1C, 1E, 6B, F1, 6F, C5, 1F, B1, 57, 8D, FC, 1B, E0;
E6, F1, 56, B5, E1, BF, 11, 5A, F8, 5D, A7, F2, 93, 51, 16, 12;
79, 08, 4E, 0A, 87, 90, 8C, 26, 41, 04, 6E, C6, 69, 56, A9, 14;
92, 67, 8D, 47, 36, C3, 62, 14, E7, 49, FC, 2E, CD, 75, 4F, D0;
F1, 8B, 7B, 47, B8, 3B, 57, 73, 1C, F0, 00, AD, AB, 0F, 02, CD;
36, D6, B8, 6F, B3, C6, 7B, 7D, E9, 08, FA, 76, FC, 6B, B0, B1;
D3, 63, D3, 03, 2D, AD, BA, 5A, 79, 98, C9, 5F, F5, 8D, FE, F3;
1E, 7F, 90, AB, 30, 68, D9, 5E, 76, F5, FC, FD, EB, 19, 56, 8A;
76, 47, 97, 8B, CF, 92, D2, 91, CF, 41, A1, DB, E9, 47, FD, 06;
D5, 51, B1, 83, 2C, A7, CC, 90, FD, 3F, 85, 7F, 0F, E7, 5B, BF;
0E, 3C, 35, FD, A7, E3, 68, 45, DF, DB, 19, A6, 47, 48, A6, 86;
E3, CB, 92, 19, 0A, 1D, AC, 09, EB, 8C, 74, 38, 1C, D5, F8, 74;
75, 27, F1, EF, 5D, 0F, 81, 74, F8, E1, F1, 66, 9C, DE, 5F, DD;
9D, 49, F7, E7, 1F, D6, B1, F6, 97, 91, E1, 56, CF, 2A, 24, E6;
9E, A8, E6, 7E, 28, E9, 83, E3, 74, 9A, 0A, C7, A3, E8, DE, 1C;
BE, B1, B1, 4B, 09, A7, B5, 2D, 1C, 57, B2, 29, 38, 9E, 45, C6;
03, 90, C0, 33, 02, 72, 72, 49, AF, 48, FD, 94, 7C, 51, 79, FB;
3C, 58, F8, 87, C3, BA, 94, 9A, 6E, 91, E2, AB, 3B, FD, 3F, C5;
3E, 09, F1, 45, 95, B0, BE, B9, D2, B5, 6B, 39, 0B, 0B, 60, F0;
6E, 63, 05, D4, 4C, F1, BA, 86, C0, 6D, 85, 86, 01, 07, A0, F8;
07, FB, 32, 6B, 5F, 1D, 3C, 47, A8, 5A, E9, 3A, 5C, D7, 96, 1A;
6C, 4C, F7, F3, AD, EC, 36, 82, D4, 63, E5, 25, A5, E0, 8F, 61;
D7, 18, C8, AD, AF, F8, 50, BE, 0B, 5F, 0C, F8, D7, 49, F1, 8B;
6A, 9E, 1C, F1, 45, 91, 86, 1F, 0D, 6A, 31, 45, 22, E9, 6F, 70;
25, DD, 3D, AD, DA, BA, 06, 12, F9, 40, 10, E1, C0, 04, 8C, 6E;
15, 54, E0, ED, 7B, 9E, AE, 5B, 9B, 63, 6B, EB, D1, ED, 75, BF;
A1, C1, EB, 3F, B6, 28, D7, 7C, 4F, 26, 9B, E1, 9B, 19, 3C, 17;
A7, E9, DA, C6, A5, A8, 68, F6, AD, 30, 96, FB, 49, 8F, 50, 5C;
5E, 59, 43, 31, C2, B5, A4, 92, 6E, 6F, 2F, 69, C1, 6E, 39, 2C;
4F, 23, A2, F8, 7A, 29, 20, 66, 94, C6, AA, BD, 0B, 37, EF, 47;
F8, FA, 62, BB, 4D, 5B, FE, 09, EF, AE, DA, DC, DE, 69, FA, A4;
23, 4D, D6, 0A, 24, B6, 96, A5, C4, B1, DC, 6F, 4D, EB, 27, 98;
A4, 85, 5D, A0, 9D, C3, 07, 15, C4, 7C, 26, F8, 79, E3, ED, 4B;
E2, DE, 9B, E0, 68, F4, FF, 00, B6, 5F, 6A, 52, B4, 16, CB, 79;
32, 43, E5, E3, 77, CC, 26, 66, 08, EB, F2, 9E, 72, 49, C7, 19;
E2, B6, 8D, 37, 1D, 19, F4, 18, 1C, C3, 0F, 5D, EB, A4, B6, D7;
F4, 37, E2, B2, 8F, 4C, 11, CD, 1C, 9F, 65, 92, 12, 36, C9, 1B;
15, DA, 47, 3C, 8E, AA, 73, 8F, 6E, 2B, BA, F8, 4D, E2, DD, 5F;
C5, DE, 2D, B7, D3, D6, FF, 00, 59, 68, 6E, 2D, DE, C9, EE, 96;
77, 8E, 31, 0A, AB, 4B, E4, B3, 12, 03, 06, 2A, 7E, 5E, 46, 49;
35, 7B, E2, 47, EC, 8F, E3, FF, 00, 85, FE, 2E, B9, D2, EF, 74;
48, 75, 69, 2D, 5D, 55, B5, 95, 9B, CD, D1, E2, 2E, A4, ED, 8C;
8C, 19, 24, 1F, C4, 09, 18, C1, 3B, 48, C6, 7E, 87, FD, 8D, 7C;
2B, 16, B5, E3, AD, 1F, E1, A4, 2B, E1, 1F, 12, 5C, 4D, 6E, F3;
EB, 37, AF, 11, D3, 64, FB, 2C, 96, ED, 98, 01, 95, 1B, 32, C1;
2E, 59, 5E, 20, A3, 69, F7, 15, B4, 64, A9, AE, 77, AA, 38, 73;
68, E1, B1, D7, C1, B5, EF, D9, F2, F7, B9, CB, 78, 5F, 48, B6;
B3, 85, A1, 8E, 15, B1, 8E, CE, 52, 60, 92, 36, 21, F7, 77, 6C;
F6, C1, EE, 0D, 75, 16, DE, 19, F0, 8E, A1, E1, FF, 00, 10, 78;
8F, C7, 96, 43, C4, 56, FA, 4C, 76, E9, 1C, F3, 5E, 14, B8, 59;
E7, 98, 47, 1E, D4, 1F, 3C, C7, 38, CA, A1, 0C, AA, 33, ED, 5F;
48, 0F, F8, 26, 8D, 8E, 8D, F0, D2, F7, 50, 93, C4, 8D, A7, 4F;
66, CC, F2, 5E, 6A, FE, 5D, BE, 96, 98, E3, 66, FC, 87, 19, DA;
79, C9, 24, 83, 8C, 92, 05, 7C, C3, E2, 2F, 0E, 9D, 07, C4, 6B;
15, C5, B9, B7, BE, D1, 6F, 44, D1, B9, DC, 0C, 13, C4, FF, 00;
23, 03, C7, 21, 80, 23, BF, 4A, E9, A3, 3A, 78, 98, B8, D1, 67;
E5, 78, E9, 62, 78, 66, BC, 31, 19, 8C, 25, EC, DE, B6, 5B, 1D;
26, 8F, FB, 34, FC, 1B, F0, C7, C5, 3F, 10, 6B, DA, 06, A3, A7;
DC, 6B, 16, 56, B0, BD, DD, A5, E3, BD, D5, 8D, A0, 75, F2, C9;
B7, E0, 4C, F8, 92, 2D, 98, 64, DC, 9B, 94, E7, 1C, D6, 67, 89;
6F, 74, B5, 9D, 63, D2, D6, EB, CB, 8D, 42, C8, 66, 61, 89, 1F;
9C, B0, 00, 74, 3D, 70, 49, C5, 72, 1A, 57, 86, 2D, 74, 6F, 11;
EA, 3A, A4, 6D, 35, C6, A9, AA, 48, 65, BB, B9, 95, 81, 79, CE;
E2, C4, B1, 03, AE, 79, 3F, E7, 3D, BF, 83, BE, 1B, DE, 78, 95;
ED, E7, D4, 2F, 2C, 7C, 3F, A2, 4F, E6, 2F, F6, A6, A4, CE, 96;
A0, A2, EE, 2A, 1D, 55, B2, E4, 11, 85, 03, 9F, C2, BA, 68, 51;
74, A3, 6A, AC, F9, 3C, F3, 3E, C4, E7, 98, 86, F2, BA, 4E, 2B;
CF, 76, 60, C9, 72, CE, 4F, CF, D3, 8E, 38, 1F, 4A, 55, 79, 26;
93, 6A, 85, CE, 71, C9, 0A, 01, FA, D7, AA, 78, 93, F6, 7D, B2;
D2, 74, DD, 3E, DA, 7B, 9D, 53, 45, F1, 04, 9A, 79, BD, 68, 35;
A8, 5A, 34, D5, 24, 77, 29, 1C, 56, 89, 1A, 17, CB, 30, C6, 64;
2A, BC, 8E, 45, 79, CF, 8E, 7C, 19, AC, 78, 0B, 58, 93, 4B, D6;
34, D9, B4, DD, 4A, DD, 54, C9, 6D, 70, A2, 36, 8F, 72, EE, 1F;
28, 3D, 70, 73, 9E, 6B, A3, DB, 27, A5, 33, C1, 9F, 09, E2, 30;
B2, 55, F3, 0B, B5, BE, 8F, 4F, 46, 66, B4, CD, E6, 1F, 97, 6B;
67, A6, 69, 03, 65, F8, FD, 2A, 26, D8, B1, 05, F9, 81, 40, 59;
BC, C6, C3, 00, 3A, E0, F7, 15, C3, F8, 87, E3, CE, 87, A4, DE;
49, A7, E9, B7, 10, 6A, DA, A2, A7, 98, 2D, 96, 40, 9B, BB, 11;
B8, F0, 48, F6, 35, 5F, 58, 8C, 57, BE, 73, D1, E0, BC, 5E, 3A;
A7, FC, 26, C5, C9, 5F, D1, 2F, 99, DE, 2B, 84, C9, E3, E5, E4;
9C, F4, AE, 17, E2, 1F, ED, 21, E1, 9F, 87, 37, F1, 5A, DD, 5E;
2C, 97, 12, BE, CF, 94, 1F, 2D, 09, 1C, 16, 6C, 74, FA, 57, 91;
78, 93, E2, A6, B1, F1, 63, C3, 1A, A5, AF, 88, A6, BD, F0, 6A;
AF, 9B, 15, 8E, 10, A8, BB, 7C, 8F, 94, C3, C4, 84, 6D, 07, E6;
38, 5C, E0, E4, 62, B8, 8D, 5B, C7, 82, DA, D3, 4F, B7, B6, 5F;
B7, 5D, 69, 03, 10, EA, BA, 9C, 49, 2D, DE, EC, 01, 94, 18, C4;
7C, 0E, 06, 58, FB, 9A, E2, AB, 8E, 72, D2, 27, EB, 7C, 37, E0;
FD, 0A, 2E, 35, B3, 69, 73, CB, F9, 56, CB, D5, F5, 3D, 0F, C5;
DF, 16, 3C, 49, 79, E2, 2B, A8, FC, 48, 6D, 74, EF, 0E, 4B, 12;
B4, 32, 45, 29, 57, 90, 9F, F9, E4, AB, FB, C7, E3, FB, CA, 17;
3D, EB, CC, 9F, C5, F6, FE, 19, D2, AE, 2C, F4, 37, BC, 9E, 2B;
96, DF, 3C, FA, 80, 47, 2E, DB, B3, 94, 8F, 1E, 5A, 76, EC, 4E;
6B, 0A, EA, EE, 6D, 56, F9, A6, BC, 9A, 6B, 99, 5B, E6, 32, 4A;
C5, D9, 8F, D4, 9C, D5, 79, 91, 5A, 01, B7, 71, 6C, 01, B7, D6;
B8, A5, 37, 2D, CF, D9, 70, 79, 7E, 1B, 09, 4D, 52, C3, 41, 46;
2B, B1, 2D, F6, A9, 36, AF, 29, 9E, EA, 49, 26, 9A, 42, 77, 33;
92, C5, B8, F7, FE, 54, 3B, 2B, 4B, F2, 8E, DC, 8F, 5A, 61, 83;
C9, F2, FE, BD, AA, 6B, 68, F3, 23, 37, 40, 33, 93, 8A, 93, AA;
5B, 9E, F1, FF, 00, 04, DF, F0, 45, AF, 8D, 7F, 68, 4F, B2, DF;
EA, 0B, A7, 58, 5B, E9, 77, 13, DC, CF, 90, 0A, 28, 28, 08, 05;
B8, 07, 9E, A7, 20, 75, C1, C6, 2B, ED, AF, 11, FC, 43, F0, 9F;
C3, AD, 3A, EB, 4F, F0, 6D, 9C, 97, CD, 79, 0A, 2C, BA, A5, D1;
71, 22, 30, 91, 58, 84, C1, 0C, 57, 08, 33, 8C, 0C, 9E, BC, E2;
BE, 60, FF, 00, 82, 46, FC, 24, D0, FE, 30, 7C, 76, F1, 26, 9F;
AD, 36, A1, E5, DB, 78, 5E, 7B, DB, 68, ED, 65, F2, E4, 2E, 27;
B7, 51, D8, 96, 18, 27, B6, 3B, F6, AF, AA, 9F, E0, 9D, D6, 97;
E3, 5D, 26, E3, C2, 3A, 1D, E6, BD, 71, 71, 3D, C4, 32, 69, 3A;
92, AD, C7, 94, 81, 70, 97, 04, A8, 52, 23, C9, 38, DE, 07, CF;
1F, 19, 1D, 3B, F0, 75, A3, 15, C8, DF, 9D, 8F, C4, FC, 48, CA;
71, B2, C4, 7D, 77, 0D, 18, D9, 24, AF, BC, D7, A2, EE, 61, F8;
0F, C2, DE, 2B, F1, 47, 8A, 1B, C4, 96, B6, 76, F6, 2B, 6E, 4D;
E0, BA, 68, 56, 3B, 75, C6, 01, 6F, 2B, 66, 36, 8F, 55, 52, 01;
C1, 24, 1E, 6B, D1, 7C, 2C, A9, E3, 5F, 1E, 4B, 3C, 3E, 19, 93;
C7, 9E, 36, 7D, C6, E0, C0, B1, 2E, 93, 6A, D8, 21, 46, 07, CB;
F2, 75, 2C, 73, 93, D0, E0, 1A, F5, 3F, 87, 9F, B1, 3D, D7, 8A;
B5, B9, EF, 7C, 75, 7F, 7D, 71, 3D, D4, AA, C9, E1, BD, 1E, 67;
92, 32, 7E, 5E, 19, 8B, 13, B0, 81, CA, 8F, FE, B5, 7D, 65, F0;
AB, F6, 66, B5, F0, DE, 8E, 96, A9, 05, AF, 86, F4, BD, 80, 7F;
67, E9, 8A, 16, 46, E3, 1F, 3C, BD, 41, F5, DB, 5B, 54, AD, 1B;
9C, 7C, 3B, C0, B8, B9, C5, 4E, AF, B9, 17, 66, DF, 57, E7, 6D;
AE, FC, EF, E8, 7C, BD, E0, CF, D9, 03, 5C, F8, 95, AC, C3, 27;
8E, EF, 26, D4, 25, 8C, 16, 8B, C3, BA, 20, F2, ED, 2D, 81, 23;
E5, 62, AD, 8C, 70, 3A, E2, BE, D6, F8, 1D, F0, D1, 7E, 15, 78;
43, FB, 36, 1B, 5B, 3D, 36, CD, 58, 18, 2C, AD, 93, 6A, C0, 31;
83, B8, 8E, 0B, 7A, 91, EF, 5D, 1F, 87, 3C, 29, A6, F8, 3F, 4F;
5B, 7D, 32, CA, DE, D2, 20, 30, 44, 68, 14, B7, FB, C7, A9, 3E;
A4, 9A, D0, 71, 94, AF, 32, AD, 47, 36, AE, 7E, B7, 94, 64, 18;
6C, BD, 73, 51, 5E, F7, 7D, DF, E3, F9, 6D, E4, 2E, 73, DF, F5;
A6, BB, E1, 7E, F7, EB, 48, 46, 3B, 54, 61, 08, EC, 29, 69, 73;
DF, 3D, 6B, 76, 7F, FD, 54, D9, 07, EF, 3A, 9F, 5A, 19, B7, 7B;
54, 6E, 48, 6A, 5C, A6, 63, 83, 67, 39, F5, ED, 4D, 92, 5C, 6E;
F4, F5, A8, E4, 7D, A3, B5, 42, D3, E0, 73, 48, 09, 3C, DF, F7;
68, 67, 18, 27, AF, 7C, 7A, D5, 67, 9F, 3D, EA, 7D, 36, CA, 6D;
5A, 52, 91, A6, 57, A1, 62, 70, A3, F1, A9, 72, B2, BB, 0B, 6A;
8F, CF, BF, F8, 2B, EF, C0, 7F, 11, 78, EB, E2, FF, 00, C3, 1F;
10, 5B, 68, B1, EB, 5E, 0C, F0, F6, B5, A7, DD, 6A, 76, B1, B3;
48, DB, 45, D2, 99, 99, D3, FB, 85, 00, C9, 1D, 39, CF, 15, F7;
D7, 8B, FE, 1F, E8, BE, 2A, D2, 2F, AC, 6E, 34, BB, 1B, CD, 36;
F0, 14, 9A, CD, AD, 92, 5B, 7B, 84, 3D, 43, C6, 46, D6, CF, D2;
B9, 9F, 8D, 7A, FF, 00, 83, 3C, 35, A7, B7, F6, 9E, B5, 22, EA;
51, 0C, 05, B4, 02, 47, C6, 47, CA, CA, 4E, 31, 92, 3E, F6, 31;
9F, AD, 70, 3F, 11, FF, 00, 6E, CF, 08, 59, 7C, 23, D5, 6E, 2D;
BC, 49, 6F, E1, 75, B7, 56, B3, 97, 51, 9E, 44, 5B, BB, 39, 40;
03, 70, 46, C8, 2D, 8E, 40, C7, 3D, AB, E0, 78, 8B, 89, 72, FF;
00, 6B, EC, 95, 54, E5, 1D, D2, D5, DC, D3, 86, B8, 3B, 15, 84;
AD, 88, C5, C6, 2D, C6, B3, 4F, 54, 92, 5D, FE, 4D, 1F, 17, FE;
DB, 1F, F0, 6D, 77, 82, FE, 23, 78, 8A, 3D, 47, E1, 8E, AA, 3E;
1D, AD, C4, E0, DE, E9, 77, 16, C6, EE, C6, 34, 3F, 79, ED, 94;
7C, EA, D8, FF, 00, 96, 65, 8A, 64, F5, 1D, 2B, C2, 7C, 6D, FF;
00, 06, DB, 68, 3A, 4F, 87, 2E, 17, 4B, F8, B1, 74, BE, 22, B7;
84, 79, 71, 5F, E9, 1B, 2C, E5, 93, 3C, 67, 61, 2E, A0, F3, CF;
38, F7, AF, 9B, 7E, 18, FF, 00, C1, 73, 7E, 35, 59, FC, 43, F1;
37, 84, 75, CF, 88, 1A, B4, F7, FF, 00, 6B, 9E, 3D, 23, 58, 78;
C2, CB, B5, DC, A9, C2, C9, 91, 8E, 43, 20, 70, 71, D0, 62, BF;
45, BC, 4F, F1, F7, C5, DF, 13, BC, 03, A1, E9, 7E, 36, D1, FC;
45, E3, 26, B3, D2, 2C, FE, D1, A7, F8, 6A, 13, 6B, 6D, AD, CE;
60, 02, 6B, AB, 96, 0E, 37, C2, C7, 2D, B5, 81, 55, 67, 00, 23;
64, 56, B9, 5F, 10, 62, 21, 89, 8E, 17, 17, 14, A3, 2F, 85, BD;
74, 7D, 6E, 7A, 59, 8F, 04, E5, FE, C2, 58, 8A, 69, 36, F7, B5;
F4, 7F, 33, F1, 3F, C7, 3F, 0C, 2E, 3E, 1A, 78, E3, 56, F0, CE;
AC, DA, 7C, 7A, BE, 8F, 71, F6, 7B, 84, B5, BC, 8E, EA, 1D, F8;
C8, DB, 2C, 64, AB, 0F, 5E, 84, 1E, 08, 0D, 90, 2A, D9, F8, 72;
FB, 4C, F1, 6F, F6, 4C, 7E, 1B, F1, 26, A7, AF, 7D, 9A, 4B, FB;
4D, 3A, DA, 0C, 4B, 34, 51, 23, 4B, 2B, 95, FB, E3, CB, 44, 67;
23, 04, E1, 78, CE, 6B, F7, 6B, C4, BF, B2, FE, 8F, F1, B3, E1;
A5, BF, 83, 7C, 77, 0E, 85, E0, 6B, 3B, E2, 1E, DB, C3, 9E, 0D;
D1, 6D, DE, E5, 14, 3A, EC, 84, 5D, 14, 69, 4C, BB, 80, 27, C9;
44, 50, 78, 0C, 7E, F1, F0, AF, DA, BB, FE, 09, 2B, AC, FC, 07;
D0, 47, C5, 0F, 0A, 6A, BE, 37, 59, B4, 18, 5E, 1B, B9, 35, 17;
86, D6, FC, 5A, 1D, AC, C4, 4F, 1B, 9F, 33, 0C, C7, 87, DA, FF;
00, 21, C6, 76, F1, F7, 14, F0, F4, 9F, BC, 9D, 9F, 99, F9, 0E;
33, 25, AD, 97, 4A, 58, B7, 4D, D6, A6, 93, 6D, 26, AE, 8F, CE;
0F, 81, BA, 46, A1, F1, 2B, E0, 1C, 5A, F4, 7A, D6, 8B, A6, DA;
F8, 83, 56, B9, B5, BE, D3, 74, CD, F1, EA, B6, F1, A8, 0A, 04;
A4, BF, EF, 21, 95, 7E, 60, C5, 57, 0C, 71, D2, BB, CF, 0B, 69;
2B, E0, 5F, 88, F2, 47, 77, 6B, 7F, E3, 2F, 05, 78, 8E, CA, EA;
D7, 54, B4, BC, 91, 3E, DD, 0B, CB, 03, C3, 1B, 47, 33, EE, 0C;
C8, 7C, A7, 12, 6D, 07, E5, 61, C8, AD, ED, 1B, 48, D3, F4, 98;
4A, E9, F0, C7, 6A, 8D, F3, 90, 8B, B5, 9F, 3D, CF, 73, 9A, B5;
2D, 90, B9, 1B, 5B, E9, C9, EB, 5E, C5, 3C, B6, 1C, BE, F3, F9;
A3, F2, 4C, C3, C5, 0C, 5C, 71, 92, AD, 83, 87, 22, B5, 92, 7A;
D9, 6D, B7, 72, F6, 9F, E3, DF, 14, 68, 96, 76, 3A, E3, 5E, 37;
89, 86, 9B, A0, 2E, 91, AE, 3E, FF, 00, 2E, EA, E2, C2, 37, 08;
8A, C1, 14, 79, 5E, 5C, 2A, 14, 48, 99, 38, 0A, 31, 82, C6, B7;
FE, 23, FC, 39, F0, CF, 8D, 2C, AD, 24, D1, E7, D2, EE, 64, F1;
9E, 9B, 6D, 78, 5E, 59, E2, BF, BA, B6, 32, C8, 24, 95, 3C, E6;
C2, 41, 2A, B4, 45, 4B, 75, E4, 1F, 9C, 70, 78, A6, B2, 51, 19;
53, F7, 3D, 07, 43, 51, 7D, 96, 1B, 5B, 7C, 24, 71, C5, 1A, F6;
00, 05, F5, FF, 00, 0A, 16, 06, 31, 7A, 3D, 0B, FF, 00, 88, A5;
8A, 9D, 08, D3, 9D, 3B, CE, 2E, EA, 4B, FC, 8B, FF, 00, 12, BE;
3D, 78, A3, C0, 3A, 4C, D0, E8, 77, F2, 6B, 5A, 85, DE, AC, 66;
D3, 6D, 25, 92, 5B, A9, 34, 6B, 30, E9, B2, 17, BB, 2A, 04, CA;
63, DC, 19, 71, BB, F7, 8B, CE, 55, 8D, 63, F8, CB, 4B, 97, C5;
5A, 6C, D0, 59, 5F, 6A, 9A, 0A, CF, 7D, 16, A0, 82, C6, 6F, 2E;
48, 65, 89, F7, C6, 55, D4, 87, 56, 5C, 90, 19, 48, 6C, 31, E4;
66, A3, 97, 5A, 89, 18, 2A, F9, 8D, E9, B7, 90, 6A, F6, 85, 15;
CF, 89, EE, 92, D7, 4F, B4, 9E, EA, 79, 32, 23, 45, 18, DD, C1;
38, 1E, A4, 80, 78, 1C, 9A, 98, 60, 68, C2, F7, EB, D0, 31, FC;
7D, 9E, E3, 65, 4D, C2, 1C, B2, 8F, 54, B5, 23, F1, AE, B9, AD;
7C, 4D, 7F, 0F, 49, E2, 4D, 77, 58, BE, 5F, 0D, E5, EC, 6D, A2;
D5, 2E, 65, 80, 48, D2, 6F, 32, 9D, EC, 46, ED, D9, 3C, 00, 46;
58, 31, 6C, D6, B6, AF, E2, BB, EF, 12, C9, 13, 5E, DC, 3D, C7;
90, BB, 11, 37, 61, 63, 5E, B8, CF, EB, 58, B2, 40, D0, CA, C2;
45, 92, 16, C9, 05, 58, 14, 1D, CF, 39, E7, A5, 5B, B6, D3, EE;
26, D3, E6, 9A, 3B, 79, 9A, DE, D8, 83, 24, C2, 06, 68, E2, C9;
C0, CF, 61, 93, D0, 9E, B5, 54, 68, D3, A6, B9, 60, 92, 33, C6;
66, 58, DC, 7C, B9, B1, B5, 25, 51, F9, AB, 2F, BB, 54, 5D, D1;
75, D9, BC, 39, AA, 5A, DF, 59, B2, 45, 3D, 9C, 82, 58, 99, 94;
18, C3, 0E, 84, 86, CE, EF, A1, 04, 1A, EE, B4, 2F, 8C, 3A, 69;
D3, AE, A4, D5, A5, 92, D7, 52, 6B, 69, 02, CB, F6, 54, 9D, 6F;
D9, 8B, 07, 45, 12, 1D, B6, E8, 11, B1, 95, 56, C6, D1, 8C, 0C;
D7, 97, CD, 16, E9, D4, B3, AC, 64, 9E, 24, 99, 80, 61, DB, 92;
78, 51, 5A, BA, C7, ED, 5B, A4, FC, 12, D0, 24, F0, FE, BD, 6B;
A2, F8, F7, 43, 8C, 8B, 96, B7, B7, B9, E2, CA, 52, 8C, 09, 5B;
91, B7, 63, 0C, E1, 87, CD, 9E, 30, 0F, 06, A6, A4, 92, 7A, 9D;
79, 1E, 17, 11, 8A, AA, E9, 61, 62, E5, 6D, 34, 57, 57, E9, 77;
D0, F5, 2F, 88, DA, 8F, 8A, 3C, 03, E1, CB, AB, 7D, 36, CA, CE;
D7, C2, FA, F5, B5, BC, B2, 35, AC, 83, 50, 50, 42, 82, 1F, CF;
91, 4C, 91, B1, 20, 92, 01, 51, 96, 38, 18, 35, F3, B7, C4, 1F;
8E, DA, 2F, 85, EE, 23, 86, 6D, 42, 1D, 43, 52, BC, 66, 55, B7;
13, 65, 81, 50, 38, 66, 3C, 02, 71, C0, C9, 38, AF, 1D, F1, AF;
ED, 3B, E2, EF, 1F, 7C, 2E, 91, 7C, 35, AF, 4D, A1, F8, 7F, 58;
9B, 64, 96, AF, 78, F6, F6, 78, 56, F9, B7, F5, F3, 82, E0, 8C;
00, 49, CF, DD, CD, 79, 57, 8B, BC, 5F, A5, EA, 7A, 9D, 85, CD;
BC, 2D, 77, 7B, A7, 82, BF, 68, 91, 98, 5B, 34, 84, 0C, BA, 43;
FF, 00, 7D, 72, D8, E0, 8E, 2B, 9D, E2, B9, 7F, 86, 8F, D1, 70;
BE, 1B, 2C, 55, 48, D7, CD, EA, 4A, 5F, DC, 4F, 45, FE, 67, A8;
F8, BB, E3, 5F, 8B, BC, 77, AA, 6A, 1A, 3D, C2, B7, 87, F4, 9B;
57, 49, 3E, DE, 63, 09, 0A, 38, E7, CA, 6D, FC, CA, 18, 1F, BA;
B9, 27, B6, 2B, CE, 6C, FC, 7B, 08, D5, 6E, AF, 2D, F4, BD, 2E;
3D, 6E, CE, 59, 6D, 64, D4, 63, 57, 6F, 35, 54, 90, 1E, 38, DC;
94, 8C, B0, C1, 24, 2E, 73, DE, B9, AD, 5B, 5E, BC, D7, AF, 7C;
CB, AB, 89, AE, 5F, 69, 1B, 9C, EE, C6, 7B, 01, DB, E9, 51, 68;
33, 3C, B1, 6A, 08, A7, 09, F6, D9, B9, 3D, F9, 15, CB, CC, DB;
BB, 3F, 4A, C1, E5, D4, 30, 94, D5, 2A, 10, 51, 4B, A2, 36, EE;
B5, DB, AB, DD, D7, 77, 57, 0F, 71, 31, 70, 58, 4C, FE, 63, C9;
E9, 92, 4E, 48, 1D, 3F, 11, 54, AE, 7F, 7A, 63, 6F, BC, CD, 8C;
8E, B4, F4, 89, 05, AC, 4D, 1A, AE, E2, 48, 66, 27, 39, E4, 76;
FA, 7A, 7A, 52, 2C, E9, 68, E3, 2D, BD, 86, 42, 84, EC, 7E, BE;
D4, F5, 3B, 3C, 91, 5E, 5D, D1, C8, EA, C5, 81, 53, C0, FA, D3;
AD, 23, D8, 37, 72, 31, DF, BD, 32, F2, E6, 38, E4, F3, 1A, 6D;
DE, 61, 1C, 37, 2C, 5B, 1D, 00, EE, 73, DA, B6, FC, 01, F0, DB;
C4, DF, 16, 3C, 45, 16, 8B, E1, DD, 1F, 51, D4, B5, 0B, 81, 94;
B5, B5, 80, CF, 70, C3, 19, C9, 55, 18, 8C, 77, CB, 74, A5, 66;
F6, 30, AF, 89, 85, 25, EF, 33, 26, E2, ED, 60, BA, 5D, D9, 2C;
C7, 01, 47, 2C, C4, F3, C0, EB, 5D, 47, C3, 1F, 83, 5E, 32, F8;
DB, E2, 64, D1, 7C, 2F, A3, 6A, 1A, 96, A5, 31, 05, AD, AC, E3;
DF, 24, 63, D5, D8, FC, 91, 8C, 0F, E2, FC, AB, EE, 0F, D9, 6B;
FE, 08, A1, 6D, A3, 5B, DB, EB, DF, 19, 35, C3, A5, 47, 91, 21;
D0, F4, F6, 2F, 75, 2A, 72, 71, 34, D8, F9, 41, 0A, 46, 10, 57;
DE, 9F, 0C, BC, 2F, E1, AF, 81, 9E, 10, D3, 74, 9F, 02, F8, 7F;
4D, F0, EE, 87, 3C, D1, C6, 7E, CF, 1A, 1B, 99, 77, 29, 2B, 21;
7E, E4, 80, BD, 79, E6, B4, 4A, 31, 57, 91, E4, 4B, 19, 5E, BC;
AD, 47, DD, 5D, DE, BF, 81, F2, 8F, EC, 17, FF, 00, 04, 74, 3F;
05, EE, 9B, 5E, F8, 95, AE, 91, 7D, 7B, 0F, 96, 34, 0D, 2A, 52;
D3, 1F, 9C, 11, E7, 4C, 46, 48, E0, 70, B8, C7, 35, FA, 21, F0;
D3, E1, 56, 9B, E1, FD, 06, 3D, 33, 4B, B1, 87, C3, 7A, 6E, 33;
24, 56, AA, 05, C5, C0, C6, 32, CF, C9, DD, EF, 9E, D5, 9D, E1;
FB, 28, F4, E3, FB, B5, F9, FA, 6F, 3C, 93, F8, D7, 63, A2, DD;
32, 36, 3D, BF, 3E, 6A, B9, 9A, 56, 47, 2D, 0C, 1D, 25, 3F, 6A;
D5, E5, DD, 9D, F7, 84, 6C, EC, 3C, 3B, 6A, 23, B1, B7, 8E, 1D;
C7, 2C, DD, 5D, CF, BB, 1E, 4F, E7, 5D, 35, 9D, E6, 7A, FA, 57;
0B, A4, 5E, B2, FD, E3, F9, 57, 45, 63, A8, E7, BE, 7E, 95, 3C;
AD, 6A, CF, 6E, 9C, CE, 9A, 1B, 80, E2, A6, F3, 7E, 5A, C5, B7;
D4, 32, A3, EF, 7E, 35, 7A, 1B, B0, DD, EA, 19, BC, 1E, A5, F2;
79, A4, 08, 3D, EA, 38, E4, DE, 47, E1, 52, 07, 04, 75, A7, A9;
AD, CF, 4C, 92, 6E, DF, 8F, 5A, 82, 4B, 9C, FF, 00, 4A, 49, A6;
2E, 6A, AC, EF, 86, FF, 00, 0A, 42, 7A, 8F, 7B, 8C, 1E, 4E, 6A;
29, 6E, 72, 7E, 9E, F5, 1B, B9, 63, F7, 59, 7D, CF, 7A, 86, 46;
FB, D4, AE, 2E, 96, 1C, F7, 1B, 9D, 7A, F2, 70, 6B, E5, 1B, AF;
F8, 28, 67, 89, 34, EF, 17, 78, E3, C3, DE, 26, D0, D7, 47, F0;
D4, 97, 97, 16, DA, 55, CE, 93, BD, B5, 01, 68, 80, AF, 9B, 2A;
92, 43, 48, 79, 70, 17, 1C, 71, 83, 90, 2B, EA, 8C, 80, DC, 8D;
DC, F4, EC, 6B, E1, FF, 00, DB, 3F, 53, D6, 3C, 3F, A0, F8, AB;
43, D1, 9A, C7, C3, 9A, 96, 91, 21, 6B, 77, 92, D9, 0B, 6A, 9E;
6C, 86, 58, A5, 32, B7, 3B, 1A, 3F, DD, B2, F3, F3, 2B, 1F, E1;
35, F9, AF, 88, 98, EC, 56, 12, 85, 1A, D4, 24, D4, 39, AD, 2B;
75, BF, E8, 7D, A7, 06, E1, B0, F8, 9C, 44, E8, D5, 8F, 34, 9A;
F7, 7C, AC, 79, 17, EC, EF, F0, E3, E3, 67, C7, DF, 19, EB, 9E;
11, D7, 1A, F7, C0, BA, 05, 84, B2, 3D, BE, A7, AD, C6, D2, EA;
D3, C2, 7C, B6, 08, 91, B6, 76, A9, 59, 83, 23, 4C, 77, 88, DF;
6F, CD, E5, 1A, EB, 6C, 75, 1F, 83, 9F, B1, 5F, 8B, 1F, 56, D0;
6C, 6E, BE, 31, 78, D2, D6, D1, A0, 9B, CD, 9A, 3B, B9, BC, D0;
23, 64, 93, CE, 7F, DC, C2, 71, 2E, 48, 8C, 74, 27, D3, 15, 6B;
E2, 17, 8A, 75, BF, 8D, BE, 10, 6D, 5B, 53, BE, BC, 92, 7B, FD;
1E, 08, 7E, C0, AA, 6D, A3, F9, 2D, 9A, 58, 5A, 42, A7, CC, 91;
D1, 83, 65, 8E, 32, 58, F6, AE, 5F, E1, 27, EC, 9F, AF, 78, F3;
57, 8C, C9, 6F, 0E, 9F, A5, 5A, B3, 17, 02, 3F, 2E, 04, 42, CC;
00, 54, 51, C9, C1, 51, EE, 14, 57, E6, 3F, 53, 9D, 5C, C5, 2C;
0C, 35, 97, CE, FF, 00, E4, 7D, AC, AA, 38, E1, 64, F1, 55, 39;
62, AE, 7C, 96, 7F, 60, 2F, 0D, 7E, D2, BF, 1C, FC, 4F, F1, 33;
C5, DE, 1F, D3, 7C, 33, 79, A8, 3F, F6, 85, A7, 87, F4, 6B, 89;
1A, D6, DD, C3, A0, 2C, 64, 2D, 97, 2C, 07, 38, 00, 72, 70, 05;
51, F8, B3, FF, 00, 05, 02, D6, FF, 00, 64, 4B, DF, 1A, 68, FE;
1A, 7B, 8B, 7F, 13, 9B, 36, D1, 74, 8F, F9, 68, 63, 89, C0, DA;
AA, 5B, E5, 4C, 60, 1C, 9E, 81, 4D, 7E, BA, 7C, 38, FD, 8A, BC;
17, E1, 8D, 2A, 69, 23, 9A, E3, 55, D5, 26, 8C, 24, 8F, 36, 02;
47, 82, 0F, 11, F6, E4, 0E, F5, F9, 9F, FF, 00, 05, 5B, FD, 90;
BC, 3D, E3, 1F, DA, 27, 5A, B6, 36, AF, 65, A9, 6D, B6, B8, B6;
BE, B6, 5F, DE, 7C, C8, 32, 0A, F0, 1C, 1C, 36, 73, EB, ED, 5F;
45, 83, C1, 62, E3, 98, C6, 39, 83, 6F, A2, 5A, E9, E4, 7C, FE;
6D, 8C, A5, 3C, 05, F0, 4B, 55, AD, FB, BF, EB, B9, B5, 37, FC;
15, 17, E2, 87, C4, 3F, 86, 1A, 2C, DE, 0B, 87, 47, D3, 64, B0;
D2, AC, AD, 2F, FC, 65, 77, 1C, 70, A4, D3, A2, 62, 63, 6D, C6;
E9, 42, BA, B0, E8, 32, 57, A7, 35, E5, BE, 2D, B7, D7, BE, 29;
DE, CD, AC, 5D, F8, 9B, C6, 7E, 2A, 90, 7C, DA, 86, A5, AD, 5C;
33, 59, C4, A5, B1, 94, 8F, 04, 46, 9B, 88, 05, 88, 0A, 06, 32;
46, 2B, CE, BC, 27, FB, 31, FC, 42, F8, 1F, 25, AC, 7A, BD, 8C;
B1, E8, F7, 53, 07, D3, EF, CC, 26, 4D, 3E, E2, 5F, BC, 50, 92;
30, AD, 9E, AA, 7A, E0, 9F, 98, 74, FA, 7F, E1, 87, ED, 1B, 63;
AA, 0F, 05, F8, 57, C5, 56, 36, BE, 0D, 9B, C3, B7, 59, 83, 56;
8C, DC, 0B, 56, 52, 39, 79, AD, 62, 74, 8A, F1, 89, 0A, 33, 2B;
E3, 04, EE, 0C, 32, 2B, F7, 6A, 71, 74, E9, DD, 46, ED, 77, 3F;
99, 73, 2C, 76, 23, 19, 8A, 96, 1B, 33, AA, E9, 53, 7B, 35, D5;
F6, 67, 3F, E2, 6F, D8, 83, FE, 11, 6D, 33, 51, B3, BC, F1, 15;
BD, 8F, 88, B4, EB, 21, A9, 9F, 36, 19, 06, 95, 3C, 25, 41, 58;
E3, BC, 23, C8, 92, 66, 0C, BB, 63, 8D, 98, 93, BB, 05, 88, 2B;
5E, 29, E3, 0F, 0B, 6A, 9F, 0F, F5, 26, B3, D6, AC, AE, 34, FB;
8E, A0, 4D, 19, 4D, EB, D4, 11, B8, 03, C8, 39, C7, 5F, 51, 5F;
4D, F8, 7A, 79, 3E, 1E, DA, EB, 97, D6, B1, E9, E6, 0B, 5B, A6;
D3, F3, 71, AE, A7, F6, 64, 16, 93, B9, 2D, 34, 7A, 81, 48, 61;
D2, 6E, 49, 24, AC, 76, F9, 62, 0F, 28, 31, BA, BB, 09, B4, 0F;
0B, F8, DF, C0, 76, 36, BF, 12, B5, 2B, 4B, 7B, 2D, 16, 16, 87;
50, B4, D5, 6F, D6, 0B, 8D, 11, 25, 3B, A3, 99, 2E, 25, 0F, 3E;
A8, 0E, F3, E5, C9, 14, 8B, 13, 60, 2A, A8, C8, 03, 6C, 2E, 69;
3B, F2, CB, 6F, C8, F3, 78, 8B, C2, FC, B3, 11, 4D, 54, C2, 7E;
EA, 69, 6F, 7B, C5, F9, B6, 7C, 1F, A8, 78, 96, 38, 93, 10, C6;
64, 39, 23, 71, FB, A3, EB, 55, 6C, AD, 2F, 3C, 53, 7B, 1C, 4A;
C8, 1E, 67, 08, 9E, 63, 88, E3, 04, FA, 93, C7, B9, 27, A0, AE;
8B, E2, 36, 83, E1, DD, 33, C6, 77, 70, F8, 56, FE, EF, 56, D0;
E3, 6C, C1, 79, 77, 01, 82, 49, B9, EC, 87, E6, DB, D3, 93, 8C;
FA, 77, AD, 6D, 17, E2, 5A, F8, 53, 43, 82, 1D, 27, 49, D3, EC;
B5, 35, 0C, 93, EA, 4D, BA, 69, 27, 52, 41, 00, 23, FC, 89, D0;
74, 19, 3C, F4, C9, CF, AD, 19, DD, 1F, 8B, D4, C3, 61, 30, 15;
1D, 37, 6E, 64, FB, DE, FE, 96, 3D, B7, E0, E7, FC, 13, 0B, 5A;
F1, 77, 86, 74, 5D, 73, 56, D4, 2C, ED, 46, B2, AD, 3D, 82, 3C;
52, CD, 68, 3C, B7, 00, 8B, 99, 22, 05, 60, 43, CE, 77, BA, 38;
19, 38, 03, E6, AF, 30, F8, CF, 71, AE, 78, 56, D5, B4, 77, D3;
6C, F4, 9D, 0E, 3B, A7, 92, DD, F4, E0, 64, B5, B9, 9D, 1B, 06;
58, A6, E7, 20, 15, 03, 28, 71, C7, 04, 92, 4D, 74, 9F, 0C, 3E;
3F, 5B, FC, 28, F0, CE, 92, B6, F7, FA, 97, 8B, EE, A5, BD, 4B;
AB, 9F, 0E, 5E, 5B, 13, A4, 96, 04, 1D, 8E, 99, FD, E0, 25, 9C;
00, 54, AE, 46, 40, 15, F4, B0, F8, 8D, A5, 7C, 72, F0, 26, BD;
A3, DD, C3, 6B, E1, DC, F9, 3A, B3, 78, 5F, 58, D4, F6, 5F, 5E;
A8, CC, 92, 79, 37, 37, 6A, D1, D9, 44, 80, B0, 11, C6, 8C, CC;
14, 26, E5, C6, 07, 14, AA, 54, A7, 2B, C9, 5D, 1F, A8, 60, 70;
39, 5E, 6F, 86, 54, 70, 55, 1D, 1A, D6, 5A, 7F, 37, CD, BB, 2F;
96, A7, C3, FE, 2F, D3, A1, B0, 93, C0, 1A, 57, 82, F4, CB, 9F;
1A, F8, B7, C5, 51, 94, D6, 2D, E6, 6C, 5B, DA, 4B, 2D, C3, 47;
14, 11, B9, DA, C2, 6F, 2F, 69, 27, E6, 19, 23, 19, 19, C7, 2B;
F1, 3F, F6, 8D, 5F, 04, C4, 7C, 2E, FA, C4, F2, 34, 73, 4D, 6E;
74, 88, 66, 0A, 61, 68, DD, 98, C7, 2C, 8A, 02, B9, 5D, A7, BB;
10, 41, E2, BC, 2F, F6, 87, F8, DD, AE, 6A, AF, 36, A7, E1, 9F;
B3, E9, 9A, 7C, 97, 5B, ED, 21, 8E, EB, 6A, D8, AF, 24, 79, 8E;
C7, 73, 7C, A0, E7, 07, BF, D2, BC, 67, C6, 5E, 32, B5, D4, F5;
0B, 1B, A2, B2, DC, 5E, 58, AA, B1, 6D, C5, 2D, 8C, A0, 72, C1;
07, 52, 39, C7, 6C, 57, 34, AA, 38, CB, 43, EE, B2, FE, 07, A7;
57, 0B, 18, 66, 51, 4B, A5, A1, A5, FC, E5, 27, EF, 3B, 9E, 9D;
E3, 1F, DA, 0B, 53, F1, 1F, 8A, EE, 74, DB, E8, E4, D3, B4, 78;
60, 0D, 24, 89, BE, 28, 91, CF, F0, 96, 6C, 79, 99, 53, DB, F2;
AF, 24, 8F, C7, 3F, D8, 0D, A9, C7, 6F, 70, 75, 4F, ED, 09, 49;
3F, 68, 80, 2D, BA, 29, EC, B1, 1C, F3, 8E, E4, F3, E9, 58, 1A;
CE, BD, 77, E2, 2B, B1, 35, E5, C3, CF, 26, 38, 04, F0, BF, 41;
DA, AB, 94, DA, 5B, 77, CA, CD, C9, 07, A9, AC, 65, 26, DD, CF;
B8, C0, E5, B8, 6C, 1D, 3F, 65, 86, 82, 8C, 7B, 25, 6F, F8, 76;
58, B8, D6, 2E, 35, 35, 6F, B4, 4A, CC, 91, 2E, 10, 05, F9, 63;
1D, 80, 51, C0, FC, 05, 36, 36, 26, 18, CE, 7B, E7, AD, 41, 03;
11, 1C, 9E, B8, ED, D7, 9A, 9E, 01, BA, 18, C7, EB, 52, 7A, 09;
59, 97, AD, 81, 79, 73, 9E, AB, 9A, B1, A1, EE, 48, 2E, 7C, C6;
6F, 9A, FA, 70, 78, E8, 37, 54, 16, E3, CB, 9D, B7, 7D, CD, B8;
15, 3F, 84, B4, 5D, 53, 5F, B9, 6D, 2F, 49, B3, 9E, FA, FE, E2;
FA, 7F, 2A, 18, 21, 69, 64, 7C, B6, 7E, 55, 50, 4B, 1A, A8, AB;
BB, 23, 0C, 46, 22, 14, 97, 35, 47, 62, C5, DD, D0, F2, CE, F7;
0A, AB, C0, 1E, A4, FD, 3B, 9F, 4E, B5, 7B, C2, 7E, 09, D7, BE;
21, 6B, 96, 9A, 67, 87, F4, 9B, CB, FD, 4A, F1, BF, 71, 6F, 6F;
03, 4D, 75, 28, 3D, 31, 1A, 8C, 80, 7D, 5B, 02, BE, D3, FD, 91;
7F, E0, 87, 1E, 2C, F1, D7, D8, BC, 4D, F1, 47, 52, 3E, 07, D0;
E4, 71, B2, D5, C6, ED, 4A, E5, 73, C8, 55, E9, 1E, 7D, 83, 11;
90, 48, 1D, 6B, EF, 7F, 84, 5E, 10, F8, 6B, FB, 2B, 78, 72, E7;
48, F8, 5D, E1, BB, 7B, 3B, EB, 18, C4, 97, 3A, AC, C1, 66, B9;
BC, F9, 91, 0B, 33, B6, EE, 4F, 3D, CF, B6, 0D, 5F, 2A, 8E, AC;
F1, AA, 63, EA, D5, D2, 9A, B2, EF, D7, E4, 8F, 8A, FF, 00, 64;
8F, F8, 21, 66, AB, 7F, 1C, 3E, 21, F8, BD, AC, 0F, 09, E9, D8;
F3, 46, 9B, 04, DB, B5, 09, D7, 8E, 19, FA, 20, C7, 64, 19, E7;
A8, AF, BD, BE, 18, E8, 9E, 04, FD, 97, F4, C8, FC, 23, F0, D7;
C3, D6, BE, 18, F3, 22, 71, 75, 7E, F1, 2B, 5C, 5C, 3C, 71, 96;
C4, 8E, D9, 25, 9B, 1E, A4, E4, F5, AE, 2B, C5, 3E, 2E, D5, BC;
69, E1, 6B, A9, B5, 39, BC, C6, DF, 75, 1E, 41, 62, CC, AA, 42;
A8, 62, 49, E8, 0E, 2B, 4F, 53, D3, 3C, CF, 19, 5A, 79, 81, 7F;
D6, CE, C4, 11, D4, ED, 20, 56, 52, C4, 5A, FC, BF, D6, B6, 31;
A7, 84, 4E, 69, C9, DD, DF, 77, E6, AE, 11, F8, 8A, FF, 00, C5;
87, C4, 16, F7, D1, A4, 8B, 67, 38, 78, E6, 39, 69, 1D, 5E, DD;
09, 07, 24, F4, 62, DD, 49, E5, AB, 4E, D2, D1, E1, D1, FC, 3B;
22, EE, 5D, D3, 41, 8E, 30, 72, 21, 6C, 67, E9, 8A, 83, 47, B5;
DB, FF, 00, 09, 63, 2F, CA, F1, 96, C7, FB, C2, 04, FF, 00, 01;
5D, 05, A5, B9, 9F, C3, 5E, 15, 55, FB, FF, 00, 6C, 88, 11, F5;
8D, EA, 1F, 34, AF, 7F, 3F, CE, C7, 6C, 29, C6, 2D, 5B, CB, FF;
00, 49, 67, A6, 78, 67, 5C, 2C, 15, 6F, 13, 0D, FD, F5, 1F, CC;
57, 75, A6, 43, 1C, 89, BE, 3D, AE, A4, 64, 62, B8, CB, 7D, 2F;
6F, 6E, 2B, 57, 4B, F3, AC, A5, 1E, 4B, 30, F5, 19, E2, BD, 1E;
55, 65, 63, 92, 9C, 5F, 53, B8, B1, 6D, 8B, F8, D6, A5, 94, CD;
B9, AB, 9F, D0, F5, 78, EE, 15, 56, 75, F2, DC, F1, 9E, C4, D7;
4D, 61, 69, 96, 26, B1, 9E, 87, A1, 4A, 3A, 9A, 16, 13, 36, 6B;
52, DB, 25, 09, FC, 6A, 8D, 9D, B6, DD, B5, A7, 6F, 6F, F2, F3;
ED, 59, 9D, 31, 8B, DC, B3, 6E, 18, 90, 33, 56, A2, 39, 15, 5E;
11, B7, 15, 66, 28, B8, E6, 83, 53, BF, 91, B0, BC, 67, F1, A8;
0B, B2, 8F, A5, 48, EE, 71, F7, 45, 44, E7, EF, 71, 48, 08, E5;
66, 35, 5D, A5, C6, 7A, D4, D2, BE, 38, 00, 55, 79, 17, 86, EB;
D3, D2, A1, 80, C9, 26, DB, 8E, A7, EA, 2B, CF, 7E, 38, 7E, CD;
5E, 09, FD, A2, 6C, 3C, 8F, 17, 68, EF, 7C, D1, C2, F0, 43, 73;
6F, 77, 2D, 9D, D4, 0A, DD, 76, CB, 19, 0D, D7, 90, 0E, 40, EB;
DC, 8A, EF, D9, 0B, 7F, FA, E8, 5B, 6D, D9, FF, 00, 0A, E7, C5;
61, E9, D7, 87, B2, AB, 14, D7, 66, 75, 61, F1, 15, 28, 4F, DA;
51, 6D, 3E, E8, F3, 2D, 23, F6, 6F, F0, D7, 86, E2, B5, 86, D6;
19, 7E, CD, 67, 12, C3, 1C, 4E, DB, BE, 55, 50, AB, 92, 79, 27;
0A, 39, 3D, 72, 6B, 6F, 51, D0, AD, F4, ED, 19, A3, B5, B7, 8E;
DE, 35, 00, 84, 45, C0, 18, 23, 1F, 5E, 3B, 9A, EB, A6, B2, 38;
AC, 8D, 6E, 1D, B6, 13, 71, 9C, 03, 58, E1, F0, 54, 28, 6B, 46;
29, 3E, E8, D2, B6, 32, BD, 55, 6A, 92, 6D, 1C, E5, DC, 52, DA;
6A, D6, B2, C2, ED, 1B, 10, C3, 2B, EE, 3F, CF, 15, C3, F8, BB;
E0, FF, 00, 87, FC, 57, F1, 5A, EB, C5, 1A, C6, 99, 67, A9, 6B;
4D, 0C, 30, A4, B7, 08, 1D, 63, 45, C8, 1B, 57, A6, 7A, F2, 6B;
D0, 35, 9B, 8C, A4, 33, 2F, CD, E4, 90, CC, 07, BA, 9E, 3F, 4A;
E3, FC, 51, 3C, 8F, 70, B2, 36, 55, 24, 03, CC, 54, 6E, 76, 83;
5A, CA, 8D, 3A, 93, 53, 9C, 53, 6B, 63, 97, DA, 4E, 11, 71, 8B;
76, 67, 1F, E2, 1F, 0C, 69, FA, F7, 82, 6F, 34, BB, 8B, 7B, 7B;
A8, 5E, 17, 12, 5B, C8, 81, 93, 68, 61, 8C, 8C, 7E, 03, 18, AF;
9C, FE, 2C, FE, C8, 1A, 64, 9A, 6C, 8D, 67, 6F, F6, ED, 32, 69;
99, 5B, 4D, 77, CC, F6, 8A, 31, F3, 45, 27, 52, 33, 9C, 29, E7;
1D, EB, E8, 6D, 77, 50, 68, 7E, D0, 21, 59, 21, 59, B3, BC, 67;
AA, E7, 20, 7E, 15, CC, 6A, 77, 25, CA, E5, BE, 6C, 81, 91, D6;
BD, 1A, 72, 96, E7, CD, E3, F0, 34, EB, D3, 74, EA, 2B, AF, 33;
E3, 2D, 43, C3, 7E, 38, F8, 25, E1, 1B, E8, F4, 67, 87, C6, 5E;
15, 91, BC, C9, 34, FB, FB, 31, 75, F6, 39, 14, 02, 1D, A1, 7C;
E5, 86, 08, E4, 7E, 79, 22, A8, FC, 34, F8, 6B, 2F, ED, 8B, E2;
68, BF, B5, BC, 4F, 71, A7, E9, D2, 5F, 25, 91, D4, 2F, AD, 52;
6B, D9, 24, 08, 24, 36, F0, C4, 18, 47, 0C, 71, 28, E0, 82, A0;
83, 8D, 95, F5, B6, B1, A2, 47, 2D, FF, 00, DA, E0, FF, 00, 45;
BC, E8, 65, 45, FF, 00, 58, 38, F9, 5D, 7A, 30, FA, F3, 5E, 53;
F1, 2B, E1, 84, 57, 12, 6A, 1A, 9E, 87, 7F, 71, E0, 3F, 14, 48;
3C, C7, 7B, 4C, 1B, 0D, 50, 8E, E5, 48, DB, BF, AF, 60, C3, D4;
8A, D3, 92, 31, 7E, D2, 29, 29, 77, 3F, 3F, C5, 64, B8, 8C, 35;
48, AE, 79, 54, A0, AF, 7A, 77, FF, 00, D2, 5F, E8, D9, E6, BF;
B4, C7, FC, 13, 86, 3F, 80, FF, 00, 0A, 35, 2F, 14, 59, F8, CB;
FB, 41, 74, B4, F3, 1A, DA, EE, D1, 62, FB, 52, E4, 2E, D5, 75;
20, 09, 39, E8, 54, E7, A7, 1D, 6B, E5, 86, 1F, 3E, 7D, 7A, E0;
77, AD, BF, 1F, F8, BF, C5, FE, 23, C5, BE, AF, A9, 5D, 6A, D0;
23, 19, 52, 39, B5, 06, 78, 41, 3C, EE, 09, D3, F4, E2, B9, AF;
0A, 5C, DF, 78, AE, EE, F2, 3B, 7B, 06, 66, B2, 5D, F2, 24, 4D;
BD, B6, 0E, AC, 14, 72, 54, 77, C7, 22, BA, 28, D4, BC, 75, 69;
B7, B5, 8F, CC, B8, B3, 29, F6, D5, 7D, BE, 5B, 83, 95, 28, 25;
AE, DA, F9, F5, 2E, D9, 6A, B7, 1A, 55, D4, 77, 16, B3, 49, 6F;
3C, 2D, BA, 29, 23, 72, 8C, A7, A7, 51, ED, C5, 76, 1A, 2F, 8D;
BC, 3B, A6, DA, 36, AD, A8, A6, AF, E2, 1F, 16, 5E, 17, 0C, D7;
17, 06, 18, 60, 24, A8, 0D, B8, 12, CC, 76, EE, E3, A1, 04, 66;
B9, AF, 0D, E8, 30, EB, F7, 4B, 1B, DD, A4, 2D, 21, F9, 23, 08;
F2, 3C, 80, 72, 7E, E8, 3B, 46, 33, 82, 41, 1D, 2B, D9, 7C, 27;
FB, 1A, 5E, 6B, 76, 76, 77, 77, 11, 5F, E9, FE, 19, 9A, ED, 45;
C7, 89, 27, B6, 71, 0E, 9F, 6E, F8, C4, B2, DB, C6, 5A, 67, 8C;
1D, A3, CD, 8D, 1A, 30, 5B, 96, 5C, 1C, 69, 52, 49, 2B, 49, 9C;
5C, 2F, 94, E6, 55, AA, 73, 60, E1, 74, 9A, 6D, BD, 91, F9, 93;
F1, 13, 74, BE, 0F, 9D, 42, AF, EE, 6E, 22, 5C, E7, D9, 87, D7;
27, 35, E6, B3, 44, D2, C4, CC, 32, AB, 8F, C3, 3E, 99, AF, 50;
F8, 99, A7, A5, 9F, 85, F5, 2D, AD, E7, 24, 77, 68, AA, E1, 78;
75, 0E, 54, 1C, E7, D0, E7, E8, 45, 79, 5C, 85, 9E, 1E, EB, EA;
3D, 2B, CA, 9E, E7, F5, D5, 04, D5, 25, 7D, EC, BF, 21, 1B, 6C;
2C, BE, 5A, 00, 76, E0, 92, 69, 81, 76, BB, 72, C7, 77, 4F, 6A;
9A, 2B, 56, 90, 2B, 32, 8D, B8, EA, C7, D2, A0, 7B, D5, 96, E4;
5B, D8, C6, D7, 97, 12, 1C, 28, 55, F9, 41, F4, F5, 3F, 41, 51;
72, A5, 38, C1, 5E, 4E, C4, 90, 5B, 92, 32, 30, 14, E7, 71, 3C;
62, AF, 58, 5B, B5, FC, B1, 5B, E9, F6, B3, 5E, 5C, 49, 26, D8;
C2, A1, 3B, CF, A0, 1D, 4D, 7D, 33, FB, 1F, 7F, C1, 22, 7E, 21;
7E, D2, 97, 90, 6A, DE, 24, 2D, E0, DF, 0A, 2E, D9, 25, BB, BD;
1B, 24, 91, 33, D2, 38, C9, 1C, 91, 9E, 5B, F2, 35, FA, 45, F0;
57, F6, 56, F8, 3F, FB, 0E, 78, 72, 7B, CF, 0B, E8, 36, FE, 26;
F1, 05, 9F, 97, 1D, CE, AD, A9, C6, 97, 32, 46, CE, BC, 6C, 3B;
7E, 5C, 90, 4F, CB, B4, 0F, 7A, B8, C7, 4B, B3, CB, C4, 66, 2E;
5A, 52, DB, AB, F2, F2, 3E, 0F, FD, 92, FF, 00, E0, 8A, 5F, 10;
3E, 3B, 45, 6B, E2, 1F, 1C, 5C, 2F, 80, FC, 2C, CC, AC, 65, BB;
52, 2E, 66, 5C, F3, B6, 3C, FC, 84, F6, DC, 32, 7B, 0A, FD, 08;
F8, 29, F0, 77, E1, 4F, EC, 35, E1, 7F, B3, F8, 07, C3, F0, 6A;
5A, E2, 49, E4, C9, AF, 5E, A2, CD, 3C, F2, 28, 1B, B0, CD, 9D;
AA, 73, D0, 00, 3F, D9, F4, 8B, E2, 2F, C4, 4D, 5B, C6, DE, 19;
D2, AF, 1A, EA, EA, 1F, ED, 07, B8, 32, C2, 8F, B6, 31, B2, 52;
AA, 14, 0F, BA, 30, 32, 40, C0, 27, B5, 65, 5A, 68, F2, 5D, 7C;
3F, B7, 6D, A7, 8D, 52, 51, C7, A7, 97, 19, A5, 29, DA, 37, 81;
E7, 47, 99, CA, 4E, 5A, C9, 2B, DD, FF, 00, 91, D3, 6A, 9F, 11;
AF, FE, 20, F8, BB, C3, F3, 4F, 71, 7B, 1A, DE, 4D, 65, 34, 91;
C9, 29, 24, 33, 6D, 66, EF, F7, 7D, 07, 03, 00, 71, 55, F4, 3C;
34, BA, B2, 85, DD, B2, D9, 54, FB, 8F, 39, 7F, A8, A8, F4, 9D;
2F, CB, D6, FC, 37, 70, AD, 85, 88, 58, 28, CF, FB, 88, 2B, 6B;
48, D2, 96, D3, 50, BC, C2, E5, 66, B7, 53, 8C, 7F, D3, 50, DF;
D6, B9, F9, 9B, 57, 7E, 47, A3, 1A, 36, 95, BB, 37, F9, 19, 80;
FF, 00, C5, 03, 70, 55, 76, B4, 92, DD, 67, DB, 32, 1A, E8, 75;
38, A6, 9B, C5, 36, 26, 34, 66, 68, CC, FB, 47, E0, BF, E0, 6A;
D7, 86, BC, 0B, 79, E2, 5F, 0E, 5D, DB, D9, A2, B3, 7D, A2, 78;
C6, EF, 97, 97, 72, 47, F3, AF, 54, D0, 3E, 16, 5A, DB, 6A, 51;
DE, 4D, 1B, 1B, AB, 65, CA, 90, DF, 2A, B1, 18, 6F, AF, 52, 2B;
68, E1, DC, AF, FD, 75, 2A, 9E, 89, 3F, 4F, FD, 26, C7, 01, E1;
0F, 87, 7A, 86, BC, 9A, C3, B3, 4B, 6A, 97, D7, 2C, A1, 99, 78;
70, 63, 0B, C7, B5, 7A, 6F, 86, BE, 1E, 5A, E8, 56, B6, B1, B4;
6B, 74, F6, 71, AA, 2B, B0, FE, 20, 31, B8, 0E, C7, 15, D0, 5A;
69, C2, 18, A3, 55, E9, D9, 71, 5A, 09, 67, 86, 6F, 97, 07, 1D;
AB, A5, 53, 4B, FA, EE, EE, 54, 60, F7, F4, FC, 15, 8C, FB, 7D;
39, 66, E7, 95, 24, F6, 15, A7, 67, A4, 64, D5, BB, 4B, 4C, 0E;
14, 56, 95, B5, B6, 1F, EE, D6, 9C, D6, 2A, 34, E2, B4, 2B, D8;
69, BE, 59, 53, 5B, 9A, 4C, D2, 59, B7, CB, CA, 9E, AA, 7A, 54;
76, D6, DF, 2A, F1, 57, 6D, AD, F7, 16, F9, 4F, E1, 58, 4E, 57;
66, 89, 5B, 63, 6F, 4D, BC, 8E, E5, 95, 78, 46, F7, EF, 5A, D0;
A9, 1F, CA, B1, 74, FD, 25, A5, 2A, 71, F2, F5, 24, F6, AD, CB;
74, DA, 17, 1D, 05, 49, B4, 6F, 6D, 49, A3, 52, 36, D4, D1, FD;
DA, 8E, 33, 9E, 3E, 94, E4, 7F, 97, F1, A0, D3, 94, EE, A4, E4;
0F, AD, 46, E3, 00, 7D, 6A, 47, 1B, 87, 5A, 8D, D7, B7, A1, CF;
D6, A5, DC, 92, 19, A3, 2C, DC, 53, 0C, 65, 79, 35, 60, 85, 1D;
AA, 29, 9B, F8, 47, 7A, 9B, 30, 21, 64, DD, ED, 4A, BF, 22, FB;
E2, 92, 4F, 7F, D2, A1, 96, 7D, 83, F8, AA, 64, AE, 5E, E4, B2;
DC, 01, 13, 36, 01, 23, F4, AE, 73, 53, BD, DD, 2B, 79, 8B, F2;
F3, F2, 8E, 33, F5, AD, 0B, 9B, B3, 9C, 76, 3D, 79, AE, 6F, 57;
BD, 6F, B4, 30, 53, 83, 9C, 56, 6E, 2C, D3, 43, 23, 56, BE, FB;
3A, B2, A4, 9F, BB, DC, 09, E3, EF, 63, 8C, D7, 29, AC, 5E, 6E;
3B, 4F, 43, 91, 8A, E9, 35, EB, 75, 12, 32, EE, CF, 07, E6, ED;
5C, ED, C5, 90, BC, 96, 38, F8, DD, 23, 6D, DC, 7A, 7D, 69, C6;
37, 22, A6, C7, 1B, AD, 2E, F9, 1F, 3F, 37, AF, E3, 5C, E5, F4;
5F, 2A, FB, 1C, 9C, D7, 5B, AA, E8, ED, 1C, 92, 1F, 99, 86, 3A;
8A, E6, F5, 0D, 29, B1, F8, FA, D7, 54, 11, E7, 54, 8D, CC, 0B;
DE, 18, E3, DF, A5, 72, DE, 23, DB, 77, 6D, 34, 32, C7, 1C, D1;
B6, 46, C7, 19, 53, F5, AE, D2, EE, D7, 03, 3F, 77, 15, CD, EB;
7A, 72, BE, E3, F8, FE, 95, BC, 7C, CF, 36, AD, 34, D5, 8F, 04;
F1, 1F, EC, E9, E0, 52, 73, FF, 00, 08, CE, 98, 0E, EC, F1, BC;
60, FE, 75, C9, DB, 7C, 16, F0, FF, 00, 82, 3C, 49, 6F, AB, 68;
1A, 6C, 1A, 4E, A3, 66, 49, 59, 21, 2D, B6, 51, DD, 5C, 13, C8;
3F, 85, 7B, 6F, 88, EC, 42, 46, DE, D5, C5, EA, D6, EA, 18, 8F;
4A, BD, 16, C7, 91, 57, 0B, 4F, B2, 2A, EA, 1F, 02, BC, 35, F1;
B6, 5F, ED, 0F, 0B, DE, 27, 83, FC, 75, 1A, EE, 7B, 7C, 7F, A2;
5E, 91, 8E, 08, E8, 43, 10, 3A, 64, E7, A8, 35, 8D, F1, 5B, F6;
DB, F8, A5, F0, 93, 59, 8E, DF, 5A, F0, DE, 91, A2, F8, FB, 60;
B1, 9F, C5, D1, DB, 67, 50, BC, B5, 00, 26, D8, E4, FB, 84, ED;
DE, 37, E0, B6, 1B, 18, E4, D3, EE, 6D, DA, 09, 23, 92, 36, 64;
92, 26, DC, 8C, A7, 6B, 29, 1D, 08, 3D, 88, F5, AE, 9A, EF, E2;
A5, AF, 8E, 7C, 3A, BA, 17, 8E, F4, C8, F5, ED, 2D, 48, 09, 74;
CA, 4D, C5, B8, 1D, 09, 39, C9, FA, 8C, 1A, 52, 92, 97, F1, 15;
CF, 9B, C6, 65, 35, 68, A9, 4F, 2C, 9F, B1, 94, B7, 4B, E1, 97;
AF, 67, E7, D0, FC, 6F, F8, 93, A8, 9B, BD, 17, 59, F2, E6, 93;
6F, DA, B6, 48, 19, B0, 43, 2B, 93, B4, F1, F7, B9, C9, 07, DB;
8A, F2, F7, BD, 8A, DF, 76, 03, 4B, 26, 7E, EA, 8E, 9F, 53, FD;
2B, EE, 5F, 8A, 1F, B1, AF, C3, B5, D5, 35, 79, 2C, AE, B5, AF;
F4, B9, 64, 7F, 25, 7E, 66, 38, 24, 80, 0F, 96, 4E, 31, DC, 9E;
2B, D9, FF, 00, 60, 9F, D9, 27, E0, EF, C3, 8D, 3A, F3, 5D, BA;
F0, 9E, A1, E2, 6F, 12, 59, CC, 5A, 2F, B6, A8, 9E, DE, CA, 30;
01, 2F, 8D, 80, 0E, BC, 93, 9C, FB, 1A, F3, 1D, 7B, C9, 5C, FB;
CC, 2E, 6B, 39, D0, 82, 8E, F6, D7, E5, BB, 3E, 37, FD, 97, BF;
E0, 96, FF, 00, 14, 7F, 6A, F9, 22, D4, 2E, AD, 1B, C3, 3E, 17;
E1, 9A, F2, F9, 7C, BF, 35, 49, 20, F9, 71, 70, EC, 7A, F2, 76;
AF, 1D, 7D, 7E, FE, F8, 01, FB, 18, FC, 22, FD, 8C, 6C, C4, D6;
FA, 6C, 3E, 28, F1, 05, AB, 6D, 93, 53, BE, 41, 23, 46, 46, 41;
F2, D0, 63, 00, 1E, BB, 40, C8, FE, 23, 5E, BD, E2, EF, 18, DE;
78, AB, C3, 0B, 78, AC, D6, 72, 4D, 37, 91, E4, C6, A1, 62, 44;
DB, CE, 14, 74, 3D, FB, FE, 15, CF, F8, 8E, CA, EA, EA, DE, D6;
5B, 86, 8E, 5F, DC, 46, 22, DA, 30, 76, E4, 03, 93, DC, EE, C9;
27, BD, 5B, A9, CB, F0, FF, 00, 56, 34, 9D, 39, CD, F3, 4D, DF;
6F, 4D, 5D, B4, F9, 1D, 15, E7, C4, AD, 53, C7, 3E, 2B, 6B, 7B;
A9, 95, 2C, A1, 8A, 6F, 22, 38, 14, C6, B1, 95, 89, B6, 95, 04;
FC, 9F, 80, CF, B9, AC, 3D, 13, 47, 79, FC, 0B, A9, 46, 7E, 6F;
32, E6, 16, 20, F5, C8, 0F, 83, EF, DE, B7, 34, 8D, 33, C9, F1;
AB, B1, 5F, 96, 6F, 3C, 2E, 7B, 66, 36, AD, 3F, 0E, E9, 3B, 22;
BB, B7, 7C, 2C, 66, 48, 89, 3B, 73, D9, BF, C6, A2, 32, 7C, CA;
EF, AA, FD, 4D, 95, 24, 93, 5F, E3, FC, CC, 28, 74, 31, 2F, 86;
B4, 98, FF, 00, BA, 6E, 77, 7A, 8C, CE, D5, B5, A2, E9, 51, 41;
E1, E6, B7, 67, 3B, 63, D4, 64, 39, 3C, 63, 31, 45, 5B, BA, 0F;
83, 64, D6, F4, 9C, C2, AC, CB, 6F, 34, A8, 0A, AF, 5F, DE, B3;
1A, EB, FC, 1D, F0, 89, 93, 4F, B8, 93, 50, 85, 25, 8A, E2, 50;
D1, 80, F9, 23, 08, AA, D9, FC, 85, 6B, 0A, 4D, D3, 57, EE, C3;
95, 7B, 56, DF, 64, BF, 23, 86, D0, 7C, 35, 75, 75, A6, E8, EF;
0D, AC, D7, 0C, 3E, CA, CB, B0, 67, 1B, 4A, 83, F9, 73, F9, 57;
A6, F8, 4F, E1, 44, 36, B7, A6, F2, 59, 59, DA, 38, FC, B1, 19;
5F, 94, EE, 23, AE, 7D, 31, 5D, 96, 85, E1, 9B, 3D, 0E, E2, D6;
DE, D6, DF, EC, F0, C2, AA, 15, 50, F4, C8, CF, F5, 35, A9, 67;
6B, FE, 8B, 37, CD, BB, A7, 51, D3, 9A, D6, 9D, 38, C6, CC, E8;
8F, BC, F9, BC, D9, 4B, 4C, D1, E3, B3, 8A, CD, 61, 85, 15, 77;
67, E5, 1B, 7F, 8B, 19, AD, 4B, 7B, 10, 1E, 6E, 31, FF, 00, EB;
35, 3D, B5, A6, 05, BF, CB, EF, FF, 00, 8F, 55, A8, 6D, 77, 3C;
E7, A7, 07, F9, 9A, DE, E5, 45, 69, 62, 18, 6D, 07, 97, 1D, 5C;
B7, B0, DE, D2, 9F, EE, 2E, 6A, 6B, 4B, 1D, EA, A1, B1, 1E, D5;
2C, 77, 1F, 4F, 6F, 7A, BA, 27, 58, 5A, 48, D5, 47, CC, 58, EE;
07, A8, 38, C0, FC, 2A, 79, 91, 44, 49, A5, 7D, 9A, DE, 39, 18;
E7, CC, 62, 14, 01, 8E, 95, 66, 1B, 7C, 4A, C3, BE, 3A, 54, B6;
0B, 33, 44, 23, F9, 82, E7, A6, 33, CD, 6C, 69, 9A, 1E, D3, F3;
9F, C2, A2, 52, BA, B1, 51, 8B, 65, 7D, 3F, 4C, 92, 52, 06, 14;
E6, B6, AC, 34, B5, 84, 9C, 8D, DF, A8, A9, 22, 89, 53, 6A, 85;
C0, 1F, 9D, 58, B6, 02, 35, 38, FC, AA, 0D, E3, 4D, 26, 49, 12;
E0, 28, C7, E1, 53, A1, F9, AA, 20, 70, D4, E5, 6D, C2, 82, C9;
81, C3, 0A, 15, BF, 77, FE, D7, D3, 34, D4, 60, 07, A7, D6, 94;
D0, 07, A0, 06, CD, 21, 4D, C7, FF, 00, AF, 4F, 66, E9, EF, 51;
B4, 9B, 4D, 4E, 86, 7C, CA, D7, 12, 41, B0, 7E, 06, AB, 4D, 96;
CF, B5, 3D, 9F, 2D, DA, 99, 27, 21, A8, D0, 08, 26, C9, 4C, 8F;
5A, AB, 2C, 45, CB, 7C, AD, D4, F3, 8A, B8, 47, BE, 3F, 0A, 8D;
C7, 07, EB, 4B, 42, 96, 88, CF, 96, D8, 0F, FF, 00, 5D, 62, EA;
96, 7F, 67, B8, 4F, 95, 7F, 78, 78, C8, CF, 35, D5, 5A, E9, D3;
6A, 97, 22, 18, 63, 79, 1F, D1, 47, 4A, AB, E2, CF, 0E, 47, A7;
24, 3B, AE, ED, DA, E1, 4E, 5E, 18, FE, 66, 8F, EA, 7A, 54, 4A;
4B, 62, A2, 71, 37, 7A, 58, BB, 76, F2, D3, 77, 04, 85, C6, 73;
F4, AC, 3D, 57, 4A, D8, A3, 82, 47, 4E, 9D, 2B, D2, 6E, 35, E8;
F4, D8, 36, 69, 76, FF, 00, 61, 63, F7, A7, DD, BA, 69, 3E, A7;
B0, F6, 02, B9, 9B, F8, 3C, E3, BD, 86, 58, 92, 49, F5, CF, 3C;
D4, D3, 93, BE, A8, A9, EA, 70, 57, 7A, 4B, 4A, 5B, 6A, B1, F5;
E2, B1, EF, BC, 39, 93, C3, 0C, 93, CD, 77, F7, 56, 22, 63, F2;
AE, DC, 75, AC, D9, EC, 95, 1B, 2C, AA, C7, FD, A1, 5D, 51, 95;
8E, 39, C2, C7, 95, 6B, 5A, 2B, 45, BB, 2B, F3, 0E, A2, B9, 1F;
10, 58, BA, 70, 17, A8, FE, 95, ED, 1A, 9E, 81, E7, 2E, 3E, 66;
FE, B5, CA, EB, 7E, 0E, DE, 4E, E4, 39, ED, 91, 5A, C7, B9, C7;
52, 8F, 53, C1, 3C, 4D, 61, 24, EA, C3, 6F, 7C, 0C, 57, 0D, AD;
68, B2, 17, 6F, 95, BA, 57, D0, 9A, EF, 81, 55, D5, F2, AD, CE;
4F, 4A, E3, F5, AF, 01, 7D, EF, DD, FE, 62, B5, 38, 2A, 50, 6F;
53, C3, 66, D3, 1C, B7, 42, BF, 51, 40, D1, 1A, 43, CF, E9, DA;
BD, 3F, 50, F0, 28, 46, E1, 0E, 3D, 85, 50, 3E, 0D, 68, 9C, AE;
D6, 03, A6, 31, 53, CA, 72, 4B, 0F, 7D, D1, 85, F0, D7, 42, 92;
DF, C4, AD, 24, 6C, C5, 96, CE, E4, 80, 4F, CB, FE, AC, D5, 6D;
0F, C3, BE, 6E, 9D, AB, 36, 64, 43, E4, 8C, 80, DC, 36, 58, 1C;
11, F5, 02, BD, 0B, C0, 5E, 15, 93, 4F, D7, 24, 9B, EE, AF, D9;
67, 52, 48, F5, 43, 51, DA, 78, 74, D8, 5B, DC, 2B, 23, 6D, BA;
C0, 18, F5, CD, 70, E2, 37, 76, F2, 3D, 6C, 16, 1E, 0A, 9C, 15;
97, DA, FC, 99, C6, D9, 78, 68, 4B, E1, C5, 45, DC, 42, CD, 92;
31, C0, 38, 35, 36, A7, A5, EF, D0, 6D, F2, AC, CD, 04, 11, F6;
F4, 6A, ED, AD, BC, 2A, E0, 79, 10, A3, 3B, 29, 59, 0A, 81, C0;
E7, 8C, 71, 5B, 1A, 47, C2, 07, D5, 2C, 21, 5D, 40, CB, 6A, 25;
25, 4A, E3, F8, 77, 1C, 10, 7E, 95, 94, 69, B7, F7, BF, C8, EA;
E5, 5C, BF, 28, FE, 0C, E2, 6C, F4, 29, AF, 7C, 43, 66, 16, 16;
DC, F3, 38, 04, 2F, DD, 0D, 1B, 73, ED, F5, 3C, 57, 7D, E1, 2F;
84, 12, 45, 6D, 73, 71, 75, 22, CA, B2, 6C, 4D, 80, E3, 18, 1D;
7F, 1C, D7, 79, A3, 78, 56, 0D, 23, 52, 65, 87, C9, 6D, A8, CB;
CA, F7, 03, 8A, 9A, 1B, 75, 93, 4A, 97, F7, 7B, 71, 22, E7, 6D;
75, C6, 9A, 56, 7E, 9F, 82, B0, 72, F7, F3, FC, 5D, CC, B8, FC;
3D, 6D, A7, E9, D0, C7, 14, 3E, 5E, FD, C4, EC, EE, 49, E4, D6;
A5, B6, 9E, 57, 4B, 8B, E6, FF, 00, 96, A6, AC, 08, 31, 65, 6F;
B7, 77, 46, 07, 3F, 5A, B5, 1C, 5F, F1, 2D, 03, D2, 52, 7F, 4A;
BE, 96, 29, 45, 5E, E3, E1, B7, CE, A5, 11, DB, 8F, 95, 33, F9;
54, F6, 51, 07, B7, 9D, 71, DC, 0F, D6, A5, B7, B6, 63, 7B, 0E;
DE, 76, AA, 74, ED, C5, 58, B4, B3, 58, E0, 6D, E7, E7, 3C, 85;
3D, B9, E7, F4, C8, FC, 69, 14, 2D, AD, 83, B9, 8B, 68, FB, 83;
24, 8E, DF, 35, 4D, 1C, 2B, 14, 92, 2B, 0F, 9B, 3E, BD, FA, D0;
64, 6B, E6, F9, 13, 62, AB, 1C, 01, D8, 1A, B0, 90, AC, 00, 79;
9B, 99, BD, 05, 4F, 31, 51, 8D, C7, 14, 96, FF, 00, 2D, 27, CD;
83, 53, 47, E5, DA, 9F, 97, E6, 6A, 8C, CF, E6, 0F, 45, 1D, A9;
CA, 39, FC, 29, 33, 45, 1B, 1D, 0F, 86, 86, FB, 1D, DC, 6E, 66;
3C, E3, B5, 6B, 28, C0, AC, CF, 0F, 36, 74, BF, F8, 11, AD, 41;
D2, 91, AC, 76, 1A, CD, B5, 97, F1, A9, A3, 2A, 5B, 69, A8, 64;
FB, CB, F8, D4, F1, 9D, 87, 3E, BD, 68, 19, 3F, 7A, 45, 72, 14;
D2, 17, C5, 29, F9, 96, 80, 25, C9, 51, 4E, DF, 8C, FD, 71, 50;
A7, 0D, F8, 54, 9B, 7E, 9F, 9D, 00, 7A, 2B, A6, 17, E9, 50, 4A;
39, CE, 3B, E2, A6, 9D, BE, 51, F5, A8, 5F, A1, E9, 41, C6, 42;
EB, EF, 9A, 6B, 2E, 14, FD, 2A, 62, BB, AA, 27, 19, 0D, 8A, 0A;
52, 68, 89, 82, FA, 7E, 94, C6, F9, 01, 3F, 37, 00, 9E, 94, FC;
63, D3, F2, A2, 45, DC, 9B, 7D, A8, D4, BE, 62, AF, F6, F5, C5;
AC, 0D, 0D, B9, 68, 23, 90, 61, 8A, 8F, 99, 87, A1, 3E, 95, 95;
34, 65, CF, DD, FD, 2A, EC, F1, ED, 62, 31, F3, 73, CF, AD, 43;
22, 2A, 36, 5B, F8, BB, 0A, CD, A5, 73, 75, B1, 54, 5B, 6F, 38;
C7, 6C, F1, 55, 26, B5, C4, D8, EB, CE, 38, AD, BB, 6B, 4F, B5;
64, E0, A2, AF, 4E, D9, AA, B3, 69, A6, 37, F9, B1, 8D, D9, CD;
01, D4, CA, D4, 74, 5F, 24, 96, 50, 4A, 77, AC, B9, 74, C0, 5B;
9D, B5, DB, 79, 01, D0, F4, 3D, 2A, 8D, EE, 8C, B2, 31, 68, FE;
F7, 7E, 2A, A3, AE, E6, 35, 2D, 7D, 0E, 32, E7, 49, 18, F9, 47;
39, FC, EB, 3E, F3, 40, 13, 1E, 57, E6, FE, 55, D6, CF, 60, D1;
BB, 64, 30, C1, EE, 2A, BC, D6, 39, E4, 0E, 7D, 85, 68, A7, 6D;
0C, 5E, BB, 9E, 79, AA, 78, 3D, 5D, 4F, EE, FB, 57, 3F, AA, F8;
0D, 5D, 9B, E5, FD, 2B, D6, A6, D2, 59, FF, 00, BD, F9, 55, 3B;
9D, 00, B9, FB, AD, 55, 1A, BA, 12, E3, 7D, 0F, 10, BC, F0, 0A;
86, DD, B3, 9F, A5, 67, DD, F8, 1E, 39, 9D, 99, 97, 6B, 63, B0;
AF, 73, 9B, C1, EA, 4F, DD, 1F, CE, A9, CB, E0, C8, F1, D8, 7A;
E1, 6B, 4F, 68, 8C, 9D, 14, 78, 9C, 5E, 1E, FE, CD, B1, B9, 7F;
2A, 45, FF, 00, 47, 91, 43, 05, CE, 72, A4, 62, B4, 74, FF, 00;
84, 77, 5A, 83, C6, DF, BA, 58, ED, F1, 29, 04, 7C, CF, C7, 4A;
F5, BD, 3F, C2, 56, E9, 79, 19, 92, 15, 91, 73, B7, E6, 1C, 62;
91, 3C, 29, 18, BE, 93, CB, F3, 21, 63, BC, 1D, A7, 83, 59, CA;
11, 6E, E8, D6, 9C, 5A, 82, 4B, A1, C0, 58, 78, 22, D3, 4A, B4;
92, E3, EC, F7, 10, 5C, 33, 2A, 33, 81, 9C, A8, ED, 56, 6F, A2;
61, 05, BF, EF, 55, 86, C1, F7, 97, AE, 0D, 75, B1, 78, 76, EE;
3B, 29, 15, 66, 59, 3E, 65, 20, 32, FB, 9A, AF, 7D, A3, 49, F6;
48, 7C, D8, 57, 70, C8, F9, 47, A5, 0B, 4D, 11, 5C, BD, CE, 6D;
AD, 31, AF, 1F, 92, 3E, 49, 3D, 71, D4, 54, 30, DA, FF, 00, A0;
5C, 65, 1B, B1, E2, BA, 4B, 8D, 31, 17, 55, 57, 31, ED, DD, 83;
9F, C2, A2, B7, F0, EB, 25, 94, CD, B4, AA, C9, F2, 8F, 72, 0E;
4E, 3E, 9D, 28, 07, 73, 1A, 4B, 0C, 69, B0, 9F, 99, 70, 58, 7B;
D4, E3, 4E, 68, ED, 13, 70, C2, B3, F9, 98, 3D, D4, D6, 8C, DA;
68, 30, 2A, AB, 33, 6D, E7, EA, 4F, 5E, 28, 4D, 2E, 47, 1F, 33;
7C, BC, 03, 9E, E0, 50, 05, 74, 76, 0C, DE, 4E, 51, 5D, 76, B6;
3B, 80, 73, 52, AD, 9B, 39, DF, 23, FD, E3, 9E, 3B, D4, AD, 12;
C0, D8, 45, DD, EA, D4, 86, 16, 2D, FC, 47, D3, 8E, 95, 2D, 95;
18, B6, EE, 2F, 9D, B5, 4A, A0, D9, F5, EF, F4, A7, 2A, 31, 3F;
5A, 16, 26, DB, DF, F1, 15, 34, 61, 82, F2, 3B, 76, 15, 26, AA;
29, 6C, 35, 23, CC, 7F, EF, 54, A8, A4, B7, F4, A9, 2C, AC, 24;
BA, 70, A8, A4, F3, C9, C7, 02, B6, F4, FF, 00, 0F, 47, 6E, 77;
C9, F3, 49, 8F, 4E, 05, 03, 25, F0, EC, 7F, F1, 2D, 4F, BD, F3;
13, 5A, 62, 99, 12, 05, FE, 1C, 63, A7, 14, FE, 82, 83, 41, 19;
77, 1A, 7A, 9D, E0, F0, 3E, B4, DC, FE, 3F, 4A, 72, 0F, 97, DC;
D0, 04, 91, 72, F8, A9, 53, EE, 0F, A5, 32, 18, F6, FF, 00, 4A;
7F, 6E, 3F, 4A, 00, 72, 0E, A7, F0, A9, 55, 55, B3, F2, F7, C5;
33, 6E, D5, E2, 9F, 1F, F1, 7D, 68, 03, BE, 66, DC, 72, 6A, 36;
0A, 5D, B7, 6E, DB, ED, 4E, 6F, 98, 7D, DF, D6, 9B, B3, 8F, BA;
7F, 3A, 47, 18, 8A, D9, ED, 8A, 66, 31, C7, A5, 48, 10, 8E, DF;
95, 31, D0, E4, D3, 01, AC, BB, A9, 8D, 11, 24, 63, 8F, 5A, 97;
CB, 6C, 8F, 7A, 5F, 27, FC, E6, 80, 2A, CD, 67, 1B, C9, 96, 52;
4E, 38, 20, E2, A3, 1A, 7C, 61, B7, 15, 26, AF, 08, F1, FF, 00;
EB, A5, 31, 7B, 7E, B4, 59, 16, A5, 62, 0D, BB, 40, F9, 71, F4;
A8, 64, B7, DF, D5, 78, 35, 77, 6E, 4F, E1, 9A, 5D, BF, EC, D0;
3E, 66, 53, 5B, 55, 8C, 6D, C7, 6A, 6F, D9, 80, AB, A4, 73, 48;
C3, 03, B7, E5, 41, 36, 66, 6D, D6, 94, 97, 03, 9C, 6E, AC, FB;
8D, 1F, C8, 6F, BA, 3F, 0A, DE, 74, C8, 35, 1B, C6, 24, 1C, 81;
F8, 0A, 09, D8, C1, B8, 86, 39, 20, 55, 31, ED, D9, E9, DE, AA;
C9, 00, 63, F7, 56, B6, AF, 34, D6, 2F, 95, 23, E8, 6A, BB, E9;
92, 16, FE, 1F, CE, 80, 30, E4, B4, 18, E9, FA, 54, 12, 69, EA;
47, 4F, D2, B5, DE, D1, A2, FB, D8, A8, 8C, 5E, CB, 40, ED, 73;
2A, 3D, 34, 09, 53, FD, E0, 69, C7, 4F, 55, BC, 3C, 75, 27, 3C;
55, FD, A2, 36, C8, FA, F3, 4A, 62, 63, 78, 4F, 96, 58, 7D, EC;
E7, 03, 1F, FD, 6A, 7C, CC, D7, 97, 4B, 18, AB, 67, 88, A4, F9;
7B, 03, FA, D4, 32, E9, AB, 3D, BA, 8D, BC, 86, 23, 9F, 7C, 56;
C8, 87, 6C, 4D, B9, 4A, B3, 12, 30, 7D, 3D, 6A, 29, 21, 69, 06;
D2, A0, 76, FA, E2, 90, 72, 99, 33, E9, 71, 79, BC, C7, BB, 72;
E0, 60, FD, D2, 3B, D5, 37, D0, 3E, D0, 4E, C1, B5, 72, 48, 03;
B6, 7A, D6, FB, DB, F9, 4D, F3, A8, CF, A5, 33, CB, E3, D3, E9;
8A, 03, 97, B9, CF, C9, A0, 2D, B1, CF, 0C, DD, EA, AC, BA, 5B;
CA, 79, 18, 53, D8, 57, 4F, F6, 45, CF, 4A, 8D, EC, FE, E8, F2;
CF, 27, 93, C7, 14, 07, 2A, 39, 59, 34, 9F, 2C, 63, 6F, E9, 51;
1D, 39, B1, D0, 7E, 55, D5, 4B, 61, BB, 23, 6F, E1, 42, 78, 6D;
AE, 08, CC, 6C, AB, DC, 92, 28, 34, DD, 1C, AA, E9, CE, ED, B5;
57, 71, 3E, 95, A3, 67, E1, A2, CC, BE, 7F, CA, 3A, ED, 1D, EB;
A5, 87, 41, 5B, 48, FE, 54, 1F, 52, 39, A3, FB, 38, AF, AF, D7;
19, CD, 02, 5B, 94, 61, B6, 58, 23, 0A, AA, 15, 57, B0, 1D, 7E;
B4, F1, 16, E1, FD, DF, C6, AE, 8B, 4C, 0E, FC, 7B, 53, 4D, A8;
3F, DE, FC, A8, 2C, 84, 9C, 50, 10, 9A, 98, DA, E3, F9, 75, A7;
1B, 7E, 7F, FA, F4, 80, 88, 00, A3, 8A, 7A, 43, B9, 73, C5, 3F;
C9, FF, 00, 3C, 52, 85, 6C, D3, 01, DD, E9, 62, 5C, 1A, 4D, BF;
30, CF, 7A, 90, 26, 17, 80, 7E, B9, A0, 00, 9A, 72, 2E, D1, 42;
0D, A3, F5, A7, 6C, 6A, 00, EF, 39, F4, FD, 68, 09, 91, C9, A9;
F0, 68, C1, A0, E3, 21, 10, E7, A5, 1E, 56, 0F, FF, 00, 5A, A5;
2D, B5, 87, BD, 31, 5B, 78, DD, EB, 40, 07, 96, BF, E4, 52, 81;
4D, 76, DB, 51, B0, EF, 40, 12, 12, A0, FF, 00, F5, AA, 36, E1;
47, 38, ED, 42, 9C, AF, 14, D6, DB, 91, B7, D6, 80, 14, 1C, 0F;
BD, ED, D2, 9A, ED, C7, CA, 39, FA, D2, FF, 00, 8E, 69, A7, AF;
E3, FD, 29, 15, 1D, C0, 9D, C0, 7D, 79, A4, 91, B8, E2, 93, 71;
1F, 9E, 69, B2, 31, 03, 3C, 52, 34, E5, 0D, D9, 51, 9A, 8F, B7;
FF, 00, 5A, 86, 97, 0B, 8F, 4A, 19, 81, 6F, 98, 74, A6, 4C, A2;
86, B9, C8, EB, FA, 54, 72, F4, FC, 2A, 41, 4C, 7F, BF, F8, 53;
05, 14, 41, 2D, B2, CC, BF, 37, DE, F5, AA, 17, 76, 7E, 51, E8;
71, 5A, 87, EF, 53, 5D, 77, 27, E1, 9A, 07, CB, 67, 63, 11, 63;
55, 75, DD, BB, 6E, 79, C7, 6A, 74, B2, E1, 4E, DC, F3, C1, FA;
0A, B1, A8, C4, 22, 75, FF, 00, 6B, 3F, 85, 57, 14, 16, 44, F1;
E4, 06, A6, 30, DA, BF, 77, F1, A9, A4, 3E, BF, 87, 1D, 29, A5;
72, BE, D9, F4, A0, 08, 4C, 5E, 69, CF, E1, D2, A3, F2, 70, 3B;
D5, 90, 00, E9, 9F, CA, 93, C9, F9, B8, F9, BB, 72, 68, 02, B0;
8B, 27, 8A, 7C, 76, 4F, 2B, 2E, D5, 6F, 9B, E9, 57, E0, D1, DA;
4E, 5B, 6A, 8F, 4A, BD, 14, 1B, 21, 55, C7, 0B, DB, 14, AE, 05;
08, 34, 65, 87, E6, 6F, 9D, BF, 95, 4F, 25, A2, 93, D7, 8F, E5;
56, 3C, 9C, 7A, 81, 4A, AA, 07, AF, E0, 31, 45, C6, 99, 44, DA;
0C, FF, 00, F5, A9, 45, A0, F4, FD, 2A, F0, 8D, 58, FF, 00, F5;
A8, 31, 2A, FF, 00, FA, A9, 88, CD, 92, CF, 0A, 6A, 3F, B0, EE;
E9, 9F, C2, B5, 0D, BE, 4F, 4F, D2, 93, EC, F8, EC, 68, 2D, 19;
2F, 65, B4, 53, 7E, C8, 3D, 3F, 4A, D6, 36, BF, CC, F6, A0, DA;
0D, BF, FD, 6A, 06, 64, F9, 03, D2, 8F, 20, 7A, 56, 92, 59, 86;
A4, 7B, 4C, 64, 50, 06, 71, 84, 77, FD, 68, FB, 38, 3F, C3, FA;
55, E1, 6B, B3, AE, 29, BF, 67, F9, CF, 14, 01, 4F, EC, FF, 00;
EC, D3, BC, 9F, AF, E7, 56, BE, CF, FE, CF, E9, 4E, 58, 42, 9E;
9F, A5, 00, 7F, D9;
